month,cutoff,snapshot,window_first,window_last,target_id,target_ticker,target_industry,target_beta,target_volatility,target_valid_days,control_id,control_ticker,control_industry,control_beta,control_volatility,control_valid_days,rank,weight,distance,beta_z_difference,logvol_z_difference,candidate_n
2015-04,2015-03-31,2015-03-31,2014-04-01,2015-03-31,cik:0000723125,MU,Semiconductors,1.9295256704837134,0.3799355234095347,252,cik:0001215583,URI,Trading Companies & Distributors,1.9226165514511122,0.33776891895180466,252,1,0.3333333333333333,0.4251126961649327,-0.02397892316936933,-0.4244358793554756,434
2015-04,2015-03-31,2015-03-31,2014-04-01,2015-03-31,cik:0000723125,MU,Semiconductors,1.9295256704837134,0.3799355234095347,252,cik:0000899866,ALXN,Biotechnology,1.7783758272639305,0.3418851603892864,252,2,0.3333333333333333,0.6481865517972271,-0.5245835917035672,-0.3807333203781414,434
2015-04,2015-03-31,2015-03-31,2014-04-01,2015-03-31,cik:0000723125,MU,Semiconductors,1.9295256704837134,0.3799355234095347,252,cik:0001526520,TRIP,Internet Retail,2.041021099731098,0.4483827547299299,252,3,0.3333333333333333,0.71197521262846,0.3869582097288522,0.5976387264232318,434
2015-05,2015-04-30,2015-03-31,2014-05-01,2015-04-30,cik:0000723125,MU,Semiconductors,1.8001418316271038,0.35384208222777186,252,cik:0001215583,URI,Trading Companies & Distributors,1.84189999790086,0.32523053687033726,252,1,0.3333333333333333,0.34229538697506223,0.1573149673721997,-0.3040035081789211,434
2015-05,2015-04-30,2015-03-31,2014-05-01,2015-04-30,cik:0000723125,MU,Semiconductors,1.8001418316271038,0.35384208222777186,252,cik:0001018963,ATI,Diversified Metals & Mining,1.668778170404798,0.38108797940938227,252,2,0.3333333333333333,0.5625324802316044,-0.4948845201583353,0.26745486165552235,434
2015-05,2015-04-30,2015-03-31,2014-05-01,2015-04-30,cik:0000723125,MU,Semiconductors,1.8001418316271038,0.35384208222777186,252,cik:0001526520,TRIP,Internet Retail,1.8120699730753487,0.4178203877915846,252,3,0.3333333333333333,0.6009211070459318,0.044936723764159525,0.5992385733167149,434
2015-06,2015-05-29,2015-03-31,2014-05-30,2015-05-29,cik:0000723125,MU,Semiconductors,1.7103594443740133,0.3538308275468326,252,cik:0001215583,URI,Trading Companies & Distributors,1.7827612816750031,0.3417747921848098,252,1,0.3333333333333333,0.3133124718712009,0.2877887733812745,-0.12386414713605988,434
2015-06,2015-05-29,2015-03-31,2014-05-30,2015-05-29,cik:0000723125,MU,Semiconductors,1.7103594443740133,0.3538308275468326,252,cik:0001489393,LYB,Diversified Chemicals,1.6156525495716043,0.33541586784321975,252,2,0.3333333333333333,0.4221165254732857,-0.3764487491198249,-0.1909677992850056,434
2015-06,2015-05-29,2015-03-31,2014-05-30,2015-05-29,cik:0000723125,MU,Semiconductors,1.7103594443740133,0.3538308275468326,252,cik:0001018963,ATI,Diversified Metals & Mining,1.6351253899292846,0.38723232375742,252,3,0.3333333333333333,0.43966885808511946,-0.2990465028551494,0.32230403953406794,434
2015-07,2015-06-30,2015-06-30,2014-07-01,2015-06-30,cik:0000723125,MU,Semiconductors,1.7437123053300996,0.39459551993497305,252,cik:0001526520,TRIP,Internet Retail,1.703949341486181,0.42778907656272985,252,1,0.3333333333333333,0.3379675356343659,-0.16188947615450713,0.29667128720721464,435
2015-07,2015-06-30,2015-06-30,2014-07-01,2015-06-30,cik:0000723125,MU,Semiconductors,1.7437123053300996,0.39459551993497305,252,cik:0001067701,URI,Trading Companies & Distributors,1.7048946771618265,0.3437130791754889,252,2,0.3333333333333333,0.5311410208216254,-0.15804067107244282,-0.5070837507615584,435
2015-07,2015-06-30,2015-06-30,2014-07-01,2015-06-30,cik:0000723125,MU,Semiconductors,1.7437123053300996,0.39459551993497305,252,cik:0000899866,ALXN,Biotechnology,1.6699627566237463,0.3393239266917265,252,3,0.3333333333333333,0.630392445373641,-0.3002612142688372,-0.5542903917532419,435
2015-08,2015-07-31,2015-06-30,2014-08-01,2015-07-31,cik:0000723125,MU,Semiconductors,1.7719006782374762,0.431631215061716,252,cik:0000831259,FCX,Diversified Metals & Mining,1.7119380847276604,0.46360592207718404,252,1,0.3333333333333333,0.35672602136655085,-0.2419475712772271,0.26213513132172883,434
2015-08,2015-07-31,2015-06-30,2014-08-01,2015-07-31,cik:0000723125,MU,Semiconductors,1.7719006782374762,0.431631215061716,252,cik:0001526520,TRIP,Internet Retail,1.6619315042598337,0.4375869474911469,252,2,0.3333333333333333,0.4465610698624289,-0.44372287791217613,0.05026725309794754,434
2015-08,2015-07-31,2015-06-30,2014-08-01,2015-07-31,cik:0000723125,MU,Semiconductors,1.7719006782374762,0.431631215061716,252,cik:0001067701,URI,Trading Companies & Distributors,1.7253749132661802,0.3734776254181788,252,3,0.3333333333333333,0.5630428334546331,-0.1877303028058223,-0.5308244207956676,434
2015-09,2015-08-31,2015-06-30,2014-09-02,2015-08-31,cik:0000723125,MU,Semiconductors,1.527451266093767,0.4530398793486902,252,cik:0001018963,ATI,Diversified Metals & Mining,1.5125644087163495,0.4519305577851101,252,1,0.3333333333333333,0.06667770205224731,-0.06603646008534794,-0.009225068583187526,434
2015-09,2015-08-31,2015-06-30,2014-09-02,2015-08-31,cik:0000723125,MU,Semiconductors,1.527451266093767,0.4530398793486902,252,cik:0001108827,QEP,Oil & Gas Exploration & Production,1.56289493560826,0.4826116064321539,252,2,0.3333333333333333,0.28518638974184046,0.15722421514715437,0.23793239179511946,434
2015-09,2015-08-31,2015-06-30,2014-09-02,2015-08-31,cik:0000723125,MU,Semiconductors,1.527451266093767,0.4530398793486902,252,cik:0001526520,TRIP,Internet Retail,1.4515262568046627,0.4406278796186952,252,3,0.3333333333333333,0.352643344015266,-0.3367949808537351,-0.1045297515064559,434
2015-10,2015-09-30,2015-09-30,2014-10-01,2015-09-30,cik:0000723125,MU,Semiconductors,1.4844078935277896,0.45518444666595803,252,cik:0000107263,WMB,Oil & Gas Exploration & Production,1.429641560757295,0.43387822430316775,252,1,0.3333333333333333,0.3092479724873445,-0.24809741951261374,-0.1846130518644755,439
2015-10,2015-09-30,2015-09-30,2014-10-01,2015-09-30,cik:0000723125,MU,Semiconductors,1.4844078935277896,0.45518444666595803,252,cik:0001067701,URI,Trading Companies & Distributors,1.530886586264164,0.4108374457952542,252,2,0.3333333333333333,0.44739158273214247,0.21055351247521628,-0.39474858667754653,439
2015-10,2015-09-30,2015-09-30,2014-10-01,2015-09-30,cik:0000723125,MU,Semiconductors,1.4844078935277896,0.45518444666595803,252,cik:0000101778,MRO,Oil & Gas Exploration & Production,1.478549791356704,0.39927759425145604,252,3,0.3333333333333333,0.5053566174214447,-0.026537837360374898,-0.5046593444689979,439
2015-11,2015-10-30,2015-09-30,2014-10-31,2015-10-30,cik:0000723125,MU,Semiconductors,1.5035949866870577,0.47626172509531567,252,cik:0001174922,WYNN,Casinos & Gaming,1.4559868211243048,0.5109675480440509,252,1,0.3333333333333333,0.34207065187267804,-0.21843988010720003,0.26324199826652084,439
2015-11,2015-10-30,2015-09-30,2014-10-31,2015-10-30,cik:0000723125,MU,Semiconductors,1.5035949866870577,0.47626172509531567,252,cik:0000107263,WMB,Oil & Gas Exploration & Production,1.4240353482872306,0.43464250578081637,252,2,0.3333333333333333,0.500375801300069,-0.36504237598743333,-0.3422280033254665,439
2015-11,2015-10-30,2015-09-30,2014-10-31,2015-10-30,cik:0000723125,MU,Semiconductors,1.5035949866870577,0.47626172509531567,252,cik:0000101778,MRO,Oil & Gas Exploration & Production,1.592242990504172,0.4314466268135447,252,3,0.3333333333333333,0.5497516008164164,0.40674239590325667,-0.3698478686907507,439
2015-12,2015-11-30,2015-09-30,2014-12-01,2015-11-30,cik:0000723125,MU,Semiconductors,1.4696424191565225,0.4830791557303748,252,cik:0001174922,WYNN,Casinos & Gaming,1.4842761536278464,0.524589676504172,252,1,0.3333333333333333,0.3117782712016274,0.06890491182661884,0.3040687480153812,439
2015-12,2015-11-30,2015-09-30,2014-12-01,2015-11-30,cik:0000723125,MU,Semiconductors,1.4696424191565225,0.4830791557303748,252,cik:0000107263,WMB,Oil & Gas Exploration & Production,1.4472206871124804,0.4396933530020693,252,2,0.3333333333333333,0.3628043877210559,-0.10557574845452447,-0.3471034213140476,439
2015-12,2015-11-30,2015-09-30,2014-12-01,2015-11-30,cik:0000723125,MU,Semiconductors,1.4696424191565225,0.4830791557303748,252,cik:0001065280,NFLX,Internet Software & Services,1.3959894273558042,0.5049524051846768,252,3,0.3333333333333333,0.383346435937365,-0.3468050425364897,0.16334243911838672,439
2016-01,2015-12-31,2015-12-31,2015-01-02,2015-12-31,cik:0000723125,MU,Semiconductors,1.3772882408395526,0.4905490930143257,252,cik:0001065280,NFLX,Internet Software & Services,1.3842069520999258,0.5073894793606447,252,1,0.3333333333333333,0.12761691388671217,0.032916656332093064,0.12329870415330157,440
2016-01,2015-12-31,2015-12-31,2015-01-02,2015-12-31,cik:0000723125,MU,Semiconductors,1.3772882408395526,0.4905490930143257,252,cik:0001039684,OKE,Oil & Gas Exploration & Production,1.358091420221905,0.46450380559795934,252,2,0.3333333333333333,0.21921822305200667,-0.09133133659719392,-0.19928676893725136,440
2016-01,2015-12-31,2015-12-31,2015-01-02,2015-12-31,cik:0000723125,MU,Semiconductors,1.3772882408395526,0.4905490930143257,252,cik:0001100962,ENDP,Pharmaceuticals,1.3325235334663639,0.4395777896014273,252,3,0.3333333333333333,0.45383811964959614,-0.2129738376060622,-0.40076325098794646,440
2016-02,2016-01-29,2015-12-31,2015-01-30,2016-01-29,cik:0000723125,MU,Semiconductors,1.5003480347375193,0.5244770696552878,252,cik:0001039684,OKE,Oil & Gas Exploration & Production,1.5258833969446581,0.507454861727671,252,1,0.3333333333333333,0.16364647488312614,0.11404238367538932,-0.11736483062361115,440
2016-02,2016-01-29,2015-12-31,2015-01-30,2016-01-29,cik:0000723125,MU,Semiconductors,1.5003480347375193,0.5244770696552878,252,cik:0001174922,WYNN,Casinos & Gaming,1.4842946098012455,0.5876439836052252,252,2,0.3333333333333333,0.4108234852511743,-0.07169551115177761,0.40451908448750246,440
2016-02,2016-01-29,2015-12-31,2015-01-30,2016-01-29,cik:0000723125,MU,Semiconductors,1.5003480347375193,0.5244770696552878,252,cik:0000912750,NFX,Oil & Gas Exploration & Production,1.557059464416876,0.4704771818523749,252,3,0.3333333333333333,0.4620951027293249,0.2532764787046947,-0.38650085291157593,440
2016-03,2016-02-29,2015-12-31,2015-03-02,2016-02-29,cik:0000723125,MU,Semiconductors,1.5611399305582416,0.5343805987799307,252,cik:0001039684,OKE,Oil & Gas Exploration & Production,1.547814953992641,0.5428458778143153,252,1,0.3333333333333333,0.07483588283570153,-0.05245713831714215,0.053372820792750526,440
2016-03,2016-02-29,2015-12-31,2015-03-02,2016-02-29,cik:0000723125,MU,Semiconductors,1.5611399305582416,0.5343805987799307,252,cik:0000717423,MUR,Integrated Oil & Gas,1.5236744824117072,0.4949325834140758,252,2,0.3333333333333333,0.2992830500288811,-0.14749220652365708,-0.26041580798671315,440
2016-03,2016-02-29,2015-12-31,2015-03-02,2016-02-29,cik:0000723125,MU,Semiconductors,1.5611399305582416,0.5343805987799307,252,cik:0000006769,APA,Oil & Gas Exploration & Production,1.5390660678899268,0.47922552689832004,252,3,0.3333333333333333,0.3800019496671826,-0.08689933985885305,-0.3699324079922649,440
2016-04,2016-03-31,2016-03-31,2015-04-01,2016-03-31,cik:0000723125,MU,Semiconductors,1.6416590295538869,0.5461094631168473,252,cik:0001039684,OKE,Oil & Gas Exploration & Production,1.6333449594957206,0.5582895404911191,252,1,0.3333333333333333,0.07967934105210125,-0.029642105327159073,0.07396041496821577,446
2016-04,2016-03-31,2016-03-31,2015-04-01,2016-03-31,cik:0000723125,MU,Semiconductors,1.6416590295538869,0.5461094631168473,252,cik:0000717423,MUR,Integrated Oil & Gas,1.6674272053375807,0.5681267390505842,252,2,0.3333333333333333,0.16125569862133246,0.09187112633465894,0.1325258332698012,446
2016-04,2016-03-31,2016-03-31,2015-04-01,2016-03-31,cik:0000723125,MU,Semiconductors,1.6416590295538869,0.5461094631168473,252,cik:0000006769,APA,Oil & Gas Exploration & Production,1.6529412949120241,0.511628852590702,252,3,0.3333333333333333,0.22234836001664682,0.040224594661236464,-0.21867961767487984,446
2016-05,2016-04-29,2016-03-31,2015-05-01,2016-04-29,cik:0000723125,MU,Semiconductors,1.6668415195575432,0.5678975022466638,252,cik:0001039684,OKE,Oil & Gas Exploration & Production,1.647019730359279,0.570977993187368,252,1,0.3333333333333333,0.07101800336512844,-0.06874813332230724,0.017811540266570555,450
2016-05,2016-04-29,2016-03-31,2015-05-01,2016-04-29,cik:0000723125,MU,Semiconductors,1.6668415195575432,0.5678975022466638,252,cik:0000717423,MUR,Integrated Oil & Gas,1.7028936320102153,0.5879785616302773,252,2,0.3333333333333333,0.16948553605552702,0.12503994511575975,0.11441310701784625,450
2016-05,2016-04-29,2016-03-31,2015-05-01,2016-04-29,cik:0000723125,MU,Semiconductors,1.6668415195575432,0.5678975022466638,252,cik:0000006769,APA,Oil & Gas Exploration & Production,1.6809174763232249,0.5192619485250612,252,3,0.3333333333333333,0.29880151774884384,0.04881979838887887,-0.2947863197203728,450
2016-06,2016-05-31,2016-03-31,2015-06-02,2016-05-31,cik:0000723125,MU,Semiconductors,1.6985931815065094,0.5775724214453283,252,cik:0000717423,MUR,Integrated Oil & Gas,1.7699353075252258,0.6013542483281233,252,1,0.3333333333333333,0.2769219113579245,0.24356172898627124,0.13177036526982971,449
2016-06,2016-05-31,2016-03-31,2015-06-02,2016-05-31,cik:0000723125,MU,Semiconductors,1.6985931815065094,0.5775724214453283,252,cik:0001039684,OKE,Oil & Gas Exploration & Production,1.6140579646686897,0.5730189265313919,252,2,0.3333333333333333,0.2897580787840152,-0.28860288755408164,-0.025847969282898738,449
2016-06,2016-05-31,2016-03-31,2015-06-02,2016-05-31,cik:0000723125,MU,Semiconductors,1.6985931815065094,0.5775724214453283,252,cik:0000006769,APA,Oil & Gas Exploration & Production,1.699145706506618,0.5278352198398535,252,3,0.3333333333333333,0.29407734059369794,0.0018863181102745199,-0.294071290769175,449
2016-07,2016-06-30,2016-06-30,2015-07-02,2016-06-30,cik:0000723125,MU,Semiconductors,1.788769948788301,0.5716507666819776,252,cik:0000006769,APA,Oil & Gas Exploration & Production,1.7449890713052907,0.540205246173608,252,1,0.3333333333333333,0.22796541537988363,-0.13653598267745443,-0.18255452895949953,457
2016-07,2016-06-30,2016-06-30,2015-07-02,2016-06-30,cik:0000723125,MU,Semiconductors,1.788769948788301,0.5716507666819776,252,cik:0000717423,MUR,Integrated Oil & Gas,1.8720102306934507,0.6287249850759267,252,2,0.3333333333333333,0.4020853275003429,0.2595949268645506,0.3070555072576401,457
2016-07,2016-06-30,2016-06-30,2015-07-02,2016-06-30,cik:0000723125,MU,Semiconductors,1.788769948788301,0.5716507666819776,252,cik:0000912750,NFX,Oil & Gas Exploration & Production,1.712047571789172,0.5049659813046627,252,3,0.3333333333333333,0.46628064713124373,-0.23926804895564896,-0.40021049791089763,457
2016-08,2016-07-29,2016-06-30,2015-07-31,2016-07-29,cik:0000723125,MU,Semiconductors,1.7609789637632747,0.5625056119584442,252,cik:0000006769,APA,Oil & Gas Exploration & Production,1.7519745062845111,0.5356807270742009,252,1,0.3333333333333333,0.15850767371721483,-0.027372982641222433,-0.15612623882155865,456
2016-08,2016-07-29,2016-06-30,2015-07-31,2016-07-29,cik:0000723125,MU,Semiconductors,1.7609789637632747,0.5625056119584442,252,cik:0000004447,HES,Integrated Oil & Gas,1.7198407680884693,0.49949856413658195,252,2,0.3333333333333333,0.39964829356382603,-0.12505751942895357,-0.37957789106157774,456
2016-08,2016-07-29,2016-06-30,2015-07-31,2016-07-29,cik:0000723125,MU,Semiconductors,1.7609789637632747,0.5625056119584442,252,cik:0000912750,NFX,Oil & Gas Exploration & Production,1.7083583180515796,0.4971537800533629,252,3,0.3333333333333333,0.4258018381195682,-0.15996344310950456,-0.39461234422475333,456
2016-09,2016-08-31,2016-06-30,2015-09-02,2016-08-31,cik:0000723125,MU,Semiconductors,2.0018622714079655,0.5461061430193613,252,cik:0000006769,APA,Oil & Gas Exploration & Production,1.8593295269366383,0.5190438048760745,252,1,0.3333333333333333,0.4052216412288049,-0.37457293892820903,-0.15459525200616753,457
2016-09,2016-08-31,2016-06-30,2015-09-02,2016-08-31,cik:0000723125,MU,Semiconductors,2.0018622714079655,0.5461061430193613,252,cik:0000106040,WDC,Computer Storage & Peripherals,1.8714436453027408,0.4987766242181332,252,2,0.3333333333333333,0.43989198579231287,-0.3427373004877523,-0.27574644516053615,457
2016-09,2016-08-31,2016-06-30,2015-09-02,2016-08-31,cik:0000723125,MU,Semiconductors,2.0018622714079655,0.5461061430193613,252,cik:0001090012,DVN,Oil & Gas Exploration & Production,2.150508788830751,0.6183276169360942,252,3,0.3333333333333333,0.5434421383487432,0.3906398006929327,0.3777961141245902,457
2016-10,2016-09-30,2016-09-30,2015-10-02,2016-09-30,cik:0000723125,MU,Semiconductors,2.015638504071084,0.5375549391023472,252,cik:0000004447,HES,Integrated Oil & Gas,1.8820060203723454,0.48794357511715925,252,1,0.3333333333333333,0.45230099818130837,-0.3431526756938201,-0.2946564679758106,461
2016-10,2016-09-30,2016-09-30,2015-10-02,2016-09-30,cik:0000723125,MU,Semiconductors,2.015638504071084,0.5375549391023472,252,cik:0000006769,APA,Oil & Gas Exploration & Production,1.8271764752513562,0.5206673543051173,252,2,0.3333333333333333,0.49359970103217354,-0.4839485704835845,-0.0971310763141548,461
2016-10,2016-09-30,2016-09-30,2015-10-02,2016-09-30,cik:0000723125,MU,Semiconductors,2.015638504071084,0.5375549391023472,252,cik:0001067701,URI,Trading Companies & Distributors,1.8274732062673686,0.47254663135437175,252,3,0.3333333333333333,0.6223421001332434,-0.48318659974647254,-0.39222493472967535,461
2016-11,2016-10-31,2016-09-30,2015-11-02,2016-10-31,cik:0000723125,MU,Semiconductors,1.9745317408727319,0.5024632252143902,252,cik:0000004447,HES,Integrated Oil & Gas,1.8928221047677678,0.47867659491272246,252,1,0.3333333333333333,0.2539197482945526,-0.20678566493851747,-0.14735985664319895,462
2016-11,2016-10-31,2016-09-30,2015-11-02,2016-10-31,cik:0000723125,MU,Semiconductors,1.9745317408727319,0.5024632252143902,252,cik:0000006769,APA,Oil & Gas Exploration & Production,1.8308548422711366,0.5087432990325054,252,2,0.3333333333333333,0.36556206981320344,-0.3636085586707178,0.03774179311475042,462
2016-11,2016-10-31,2016-09-30,2015-11-02,2016-10-31,cik:0000723125,MU,Semiconductors,1.9745317408727319,0.5024632252143902,252,cik:0000106040,WDC,Computer Storage & Peripherals,1.815970983073265,0.4851842235545735,252,3,0.3333333333333333,0.41512421851305126,-0.4012757037933497,-0.10632932963779748,462
2016-12,2016-11-30,2016-09-30,2015-12-02,2016-11-30,cik:0000723125,MU,Semiconductors,1.9835179905510352,0.4975513423943382,252,cik:0001067701,URI,Trading Companies & Distributors,1.926107308507694,0.4942363940501873,252,1,0.3333333333333333,0.142971406228277,-0.1414965261582817,-0.020483068227921924,462
2016-12,2016-11-30,2016-09-30,2015-12-02,2016-11-30,cik:0000723125,MU,Semiconductors,1.9835179905510352,0.4975513423943382,252,cik:0000006769,APA,Oil & Gas Exploration & Production,1.9209438709399944,0.5003611737322216,252,2,0.3333333333333333,0.15518484506902777,-0.15422252858258856,0.017255370662225933,462
2016-12,2016-11-30,2016-09-30,2015-12-02,2016-11-30,cik:0000723125,MU,Semiconductors,1.9835179905510352,0.4975513423943382,252,cik:0000004447,HES,Integrated Oil & Gas,1.8933362837702616,0.4985877084203518,252,3,0.3333333333333333,0.22235665157851386,-0.2222652262321321,0.006375712445503384,462
2017-01,2016-12-30,2016-09-30,2016-01-04,2016-12-30,cik:0000723125,MU,Semiconductors,2.22505738091944,0.5124495211512217,252,cik:0000106040,WDC,Computer Storage & Peripherals,2.030681078995456,0.49053728411478814,252,1,0.3333333333333333,0.4702609963679334,-0.4510746907957722,-0.13295498497032726,462
2017-01,2016-12-30,2016-09-30,2016-01-04,2016-12-30,cik:0000723125,MU,Semiconductors,2.22505738091944,0.5124495211512217,252,cik:0001090012,DVN,Oil & Gas Exploration & Production,2.308116369812315,0.5988350762386173,252,2,0.3333333333333333,0.5116495541634603,0.1927488452132145,0.4739547963093526,462
2017-01,2016-12-30,2016-09-30,2016-01-04,2016-12-30,cik:0000723125,MU,Semiconductors,2.22505738091944,0.5124495211512217,252,cik:0001067701,URI,Trading Companies & Distributors,2.016182325182877,0.4799177701183034,252,3,0.3333333333333333,0.5241864164484341,-0.4847208751721506,-0.1995421568526201,462
2017-02,2017-01-31,2016-12-31,2016-02-02,2017-01-31,cik:0000723125,MU,Semiconductors,2.185398994760144,0.4680457023774515,252,cik:0000106040,WDC,Computer Storage & Peripherals,2.2104982065878565,0.47190652702672387,252,1,0.3333333333333333,0.059260035877115556,0.05384757505531731,0.024742483966226834,461
2017-02,2017-01-31,2016-12-31,2016-02-02,2017-01-31,cik:0000723125,MU,Semiconductors,2.185398994760144,0.4680457023774515,252,cik:0000004447,HES,Integrated Oil & Gas,2.0848834728162253,0.4422115240761864,252,2,0.3333333333333333,0.27522008730620845,-0.2156449034835254,-0.17100693570267264,461
2017-02,2017-01-31,2016-12-31,2016-02-02,2017-01-31,cik:0000723125,MU,Semiconductors,2.185398994760144,0.4680457023774515,252,cik:0001067701,URI,Trading Companies & Distributors,2.0719125105895246,0.4347663769272024,252,3,0.3333333333333333,0.32958799537251926,-0.24347266424495226,-0.2221470424271737,461
2017-03,2017-02-28,2016-12-31,2016-03-01,2017-02-28,cik:0000723125,MU,Semiconductors,2.106909682759173,0.44553656492163274,252,cik:0000106040,WDC,Computer Storage & Peripherals,2.0947291184461916,0.4435113677307328,252,1,0.3333333333333333,0.030407996744975165,-0.027031425026710205,-0.013926533203484835,461
2017-03,2017-02-28,2016-12-31,2016-03-01,2017-02-28,cik:0000723125,MU,Semiconductors,2.106909682759173,0.44553656492163274,252,cik:0001013871,NRG,Independent Power Producers & Energy Traders,2.0911919198332094,0.4549209763731087,252,2,0.3333333333333333,0.07264048445452402,-0.034881268158321786,0.06371763581187859,461
2017-03,2017-02-28,2016-12-31,2016-03-01,2017-02-28,cik:0000723125,MU,Semiconductors,2.106909682759173,0.44553656492163274,252,cik:0001067701,URI,Trading Companies & Distributors,2.0200279616250496,0.41426493176172346,252,3,0.3333333333333333,0.2943848342899932,-0.19281017452743396,-0.2224559894870156,461
2017-04,2017-03-31,2017-03-31,2016-04-04,2017-03-31,cik:0000723125,MU,Semiconductors,1.9676120706972309,0.4286935055077703,252,cik:0001090012,DVN,Oil & Gas Exploration & Production,1.9567081519421263,0.43179493634455285,252,1,0.3333333333333333,0.03340874639286461,-0.024319682406498018,0.02290627388271202,465
2017-04,2017-03-31,2017-03-31,2016-04-04,2017-03-31,cik:0000723125,MU,Semiconductors,1.9676120706972309,0.4286935055077703,252,cik:0000106040,WDC,"Technology Hardware, Storage & Peripherals",2.042336790007773,0.41887222146878456,252,2,0.3333333333333333,0.18220964691732644,0.16666314949351188,-0.07364611347953182,465
2017-04,2017-03-31,2017-03-31,2016-04-04,2017-03-31,cik:0000723125,MU,Semiconductors,1.9676120706972309,0.4286935055077703,252,cik:0000879169,INCY,Biotechnology,1.879579420898859,0.4108179694952203,252,3,0.3333333333333333,0.23847172188463645,-0.19634464751460254,-0.13534231241925002,465
2017-05,2017-04-28,2017-03-31,2016-04-29,2017-04-28,cik:0000723125,MU,Semiconductors,1.9519792343890965,0.4118401894276098,252,cik:0001090012,DVN,Oil & Gas Exploration & Production,1.9266598487186697,0.41455632439828355,252,1,0.3333333333333333,0.060460391978274027,-0.05659534156724857,0.021270315255139217,466
2017-05,2017-04-28,2017-03-31,2016-04-29,2017-04-28,cik:0000723125,MU,Semiconductors,1.9519792343890965,0.4118401894276098,252,cik:0001013871,NRG,Independent Power Producers & Energy Traders,1.8513042234846413,0.41915714536396764,252,2,0.3333333333333333,0.23213725495701684,-0.22503455271741082,0.056983815441350436,466
2017-05,2017-04-28,2017-03-31,2016-04-29,2017-04-28,cik:0000723125,MU,Semiconductors,1.9519792343890965,0.4118401894276098,252,cik:0000106040,WDC,"Technology Hardware, Storage & Peripherals",2.0562344874768037,0.407851053675164,252,3,0.3333333333333333,0.23515595784230978,0.23303731518140253,-0.03149498756592596,466
2017-06,2017-05-31,2017-03-31,2016-06-01,2017-05-31,cik:0000723125,MU,Semiconductors,2.0087407310301892,0.3960478250440279,252,cik:0000106040,WDC,"Technology Hardware, Storage & Peripherals",1.976902969051829,0.37487105470239596,252,1,0.3333333333333333,0.1907471258190211,-0.06819475691583897,-0.178140228857513,466
2017-06,2017-05-31,2017-03-31,2016-06-01,2017-05-31,cik:0000723125,MU,Semiconductors,2.0087407310301892,0.3960478250440279,252,cik:0001090012,DVN,Oil & Gas Exploration & Production,1.8919389829137123,0.4031949433536765,252,2,0.3333333333333333,0.2568131960914522,-0.25018300047478464,0.05797830594403895,466
2017-06,2017-05-31,2017-03-31,2016-06-01,2017-05-31,cik:0000723125,MU,Semiconductors,2.0087407310301892,0.3960478250440279,252,cik:0000004281,ARNC,Aerospace & Defense,1.9528187860005888,0.3678984291160082,252,3,0.3333333333333333,0.26733956355494537,-0.11978176889903737,-0.2390037030699865,466
2017-07,2017-06-30,2017-06-30,2016-07-01,2017-06-30,cik:0000723125,MU,Semiconductors,1.885829550213599,0.3748422494587585,252,cik:0001013871,NRG,Independent Power Producers & Energy Traders,1.8377776873327734,0.3913062263881404,252,1,0.3333333333333333,0.18711455290190077,-0.12463300003453621,0.13956529371612958,467
2017-07,2017-06-30,2017-06-30,2016-07-01,2017-06-30,cik:0000723125,MU,Semiconductors,1.885829550213599,0.3748422494587585,252,cik:0001593538,NAVI,Consumer Finance,1.8373083165242043,0.33825651857637773,252,2,0.3333333333333333,0.35640993084141914,-0.12585041572860986,-0.3334512133181123,467
2017-07,2017-06-30,2017-06-30,2016-07-01,2017-06-30,cik:0000723125,MU,Semiconductors,1.885829550213599,0.3748422494587585,252,cik:0000106040,WDC,"Technology Hardware, Storage & Peripherals",1.7381443344827867,0.3492752210318775,252,3,0.3333333333333333,0.4464771117696581,-0.3830538587635819,-0.2293720833504061,467
2017-08,2017-07-31,2017-06-30,2016-08-01,2017-07-31,cik:0000723125,MU,Semiconductors,1.8356828343942657,0.35366126695924055,252,cik:0001137789,STX,"Technology Hardware, Storage & Peripherals",1.9270227341427246,0.3949730500876518,252,1,0.3333333333333333,0.4414402064200341,0.25615328540350835,0.3595204447888202,466
2017-08,2017-07-31,2017-06-30,2016-08-01,2017-07-31,cik:0000723125,MU,Semiconductors,1.8356828343942657,0.35366126695924055,252,cik:0000106040,WDC,"Technology Hardware, Storage & Peripherals",1.6862906602659329,0.33092738501962976,252,2,0.3333333333333333,0.4714564699733241,-0.4189548742874672,-0.21621289598560117,466
2017-08,2017-07-31,2017-06-30,2016-08-01,2017-07-31,cik:0000723125,MU,Semiconductors,1.8356828343942657,0.35366126695924055,252,cik:0001593538,NAVI,Consumer Finance,1.6785782250931711,0.3350902880332015,252,3,0.3333333333333333,0.4742628713275652,-0.44058359966821553,-0.17553165760985767,466
2017-09,2017-08-31,2017-06-30,2016-09-01,2017-08-31,cik:0000723125,MU,Semiconductors,1.8654097880466587,0.3521376747850382,252,cik:0001137789,STX,"Technology Hardware, Storage & Peripherals",1.912464841720929,0.3902016968534231,252,1,0.3333333333333333,0.36217380114503994,0.13688243711112444,0.33531039448004885,465
2017-09,2017-08-31,2017-06-30,2016-09-01,2017-08-31,cik:0000723125,MU,Semiconductors,1.8654097880466587,0.3521376747850382,252,cik:0000073309,NUE,Steel,1.7796606521304064,0.29703013372512627,252,2,0.3333333333333333,0.6093674088672214,-0.24944293519758082,-0.5559737953083462,465
2017-09,2017-08-31,2017-06-30,2016-09-01,2017-08-31,cik:0000723125,MU,Semiconductors,1.8654097880466587,0.3521376747850382,252,cik:0000106040,WDC,"Technology Hardware, Storage & Peripherals",1.6514055715510505,0.33003759626331275,252,3,0.3333333333333333,0.6575589908072158,-0.6225350184223303,-0.21174035333236066,465
2017-10,2017-09-29,2017-06-30,2016-09-30,2017-09-29,cik:0000723125,MU,Semiconductors,2.0756679988058804,0.35734382926483327,252,cik:0001067701,URI,Trading Companies & Distributors,2.100657151735706,0.36633375605639806,252,1,0.3333333333333333,0.0998397445211453,0.05978806226644154,0.0799585029654237,464
2017-10,2017-09-29,2017-06-30,2016-09-30,2017-09-29,cik:0000723125,MU,Semiconductors,2.0756679988058804,0.35734382926483327,252,cik:0001137789,STX,"Technology Hardware, Storage & Peripherals",2.0992777755133107,0.39054632680746326,252,2,0.3333333333333333,0.29144998505510517,0.05648782108959887,0.2859234510444544,464
2017-10,2017-09-29,2017-06-30,2016-09-30,2017-09-29,cik:0000723125,MU,Semiconductors,2.0756679988058804,0.35734382926483327,252,cik:0000004281,ARNC,Aerospace & Defense,2.244077529060581,0.36710964980054284,252,3,0.3333333333333333,0.4121664023118439,0.4029300036462014,0.08676724817787476,464
2017-11,2017-10-31,2017-09-30,2016-11-01,2017-10-31,cik:0000723125,MU,Semiconductors,2.054090385912245,0.3645445321801476,252,cik:0000004281,ARNC,Aerospace & Defense,2.1659567099344557,0.3614389704588318,252,1,0.3333333333333333,0.26806525156361855,0.26662840352552025,-0.027717747550954304,469
2017-11,2017-10-31,2017-09-30,2016-11-01,2017-10-31,cik:0000723125,MU,Semiconductors,2.054090385912245,0.3645445321801476,252,cik:0001067701,URI,Trading Companies & Distributors,2.191474797736419,0.3605960664112549,252,2,0.3333333333333333,0.329344917378057,0.32744962985195847,-0.03528192898035135,469
2017-11,2017-10-31,2017-09-30,2016-11-01,2017-10-31,cik:0000723125,MU,Semiconductors,2.054090385912245,0.3645445321801476,252,cik:0001137789,STX,"Technology Hardware, Storage & Peripherals",1.8748847128951498,0.4046009571491497,252,3,0.3333333333333333,0.5445326081303672,-0.42712874421240077,0.33775256799141806,469
2017-12,2017-11-30,2017-09-30,2016-12-01,2017-11-30,cik:0000723125,MU,Semiconductors,2.0822425075812165,0.37419450929740383,252,cik:0000004281,ARNC,Aerospace & Defense,2.2166838712610684,0.3273263058852453,252,1,0.3333333333333333,0.5181803588808095,0.3160246038035355,-0.41065719781913346,468
2017-12,2017-11-30,2017-09-30,2016-12-01,2017-11-30,cik:0000723125,MU,Semiconductors,2.0822425075812165,0.37419450929740383,252,cik:0000831259,FCX,Copper,1.8747747860061217,0.40005595412545764,252,2,0.3333333333333333,0.5290503371129378,-0.48768401865457645,0.2050818303707957,468
2017-12,2017-11-30,2017-09-30,2016-12-01,2017-11-30,cik:0000723125,MU,Semiconductors,2.0822425075812165,0.37419450929740383,252,cik:0001137789,STX,"Technology Hardware, Storage & Peripherals",1.8718831123877342,0.4008922953078901,252,3,0.3333333333333333,0.5378104253865091,-0.4944813315095412,0.21149058239782023,468
2018-01,2017-12-29,2017-09-30,2016-12-30,2017-12-29,cik:0000723125,MU,Semiconductors,2.030262613984233,0.35421866137889324,252,cik:0000831259,FCX,Copper,1.95109195178839,0.4009810822296514,252,1,0.3333333333333333,0.4146904131017689,-0.176634502048157,0.37519113982704255,468
2018-01,2017-12-29,2017-09-30,2016-12-30,2017-12-29,cik:0000723125,MU,Semiconductors,2.030262613984233,0.35421866137889324,252,cik:0001067701,URI,Trading Companies & Distributors,2.042780362656599,0.30374664492016906,252,2,0.3333333333333333,0.4659556842580407,0.02792784905648404,-0.4651179795916915,468
2018-01,2017-12-29,2017-09-30,2016-12-30,2017-12-29,cik:0000723125,MU,Semiconductors,2.030262613984233,0.35421866137889324,252,cik:0000769397,ADSK,Application Software,2.0389505840452813,0.3020896871452813,252,3,0.3333333333333333,0.48205862346319484,0.019383382972678696,-0.4816687668094795,468
2018-02,2018-01-31,2017-12-31,2017-02-01,2018-01-31,cik:0000723125,MU,Semiconductors,1.9433750343450849,0.36814676777370686,252,cik:0000718877,ATVI,Home Entertainment Software,1.8613467093280007,0.31582024912831463,252,1,0.3333333333333333,0.5154592771284765,-0.1934841035674242,-0.477767901856667,469
2018-02,2018-01-31,2017-12-31,2017-02-01,2018-01-31,cik:0000723125,MU,Semiconductors,1.9433750343450849,0.36814676777370686,252,cik:0000100517,UAL,Airlines,1.7854134366396899,0.3245821164368733,252,2,0.3333333333333333,0.5411751111974716,-0.37259151791458667,-0.3924870211328013,469
2018-02,2018-01-31,2017-12-31,2017-02-01,2018-01-31,cik:0000723125,MU,Semiconductors,1.9433750343450849,0.36814676777370686,252,cik:0000004281,ARNC,Aerospace & Defense,2.0961207914409115,0.31770414319015183,252,3,0.3333333333333333,0.5836980911297026,0.36028866710685997,-0.4592336419980802,469
2018-03,2018-02-28,2017-12-31,2017-03-01,2018-02-28,cik:0000723125,MU,Semiconductors,1.7716951536287633,0.3975410500125564,252,cik:0000831259,FCX,Copper,1.6191333847109797,0.39493804974827645,252,1,0.3333333333333333,0.5195524812775353,-0.5190669382621145,-0.0224565002802715,469
2018-03,2018-02-28,2017-12-31,2017-03-01,2018-02-28,cik:0000723125,MU,Semiconductors,1.7716951536287633,0.3975410500125564,252,cik:0001065280,NFLX,Internet Software & Services,1.530147662492227,0.3260160652320117,252,2,0.3333333333333333,1.0654325158772675,-0.8218265792179213,-0.6780468417296358,469
2018-03,2018-02-28,2017-12-31,2017-03-01,2018-02-28,cik:0000723125,MU,Semiconductors,1.7716951536287633,0.3975410500125564,252,cik:0001097149,ALGN,Health Care Supplies,1.4609215518829692,0.36499600272535443,252,3,0.3333333333333333,1.0969286394471447,-1.0573573123539954,-0.29197252276695357,469
2018-04,2018-03-29,2017-12-31,2017-03-30,2018-03-29,cik:0000723125,MU,Semiconductors,1.7562653578719343,0.41805451417926115,252,cik:0001097149,ALGN,Health Care Supplies,1.5919085632754533,0.3842604318451118,252,1,0.3333333333333333,0.634925538352,-0.5618320378870129,-0.29576206730293075,469
2018-04,2018-03-29,2017-12-31,2017-03-30,2018-03-29,cik:0000723125,MU,Semiconductors,1.7562653578719343,0.41805451417926115,252,cik:0001065280,NFLX,Internet Software & Services,1.6717379521215066,0.3544535210395219,252,2,0.3333333333333333,0.6471610068845346,-0.2889457947063298,-0.5790748626501863,469
2018-04,2018-03-29,2017-12-31,2017-03-30,2018-03-29,cik:0000723125,MU,Semiconductors,1.7562653578719343,0.41805451417926115,252,cik:0000831259,FCX,Copper,1.4590021732092169,0.3967826753723618,252,3,0.3333333333333333,1.0325445552016135,-1.016155013474653,-0.18324095357431827,469
2018-05,2018-04-30,2018-03-31,2017-05-01,2018-04-30,cik:0000723125,MU,Semiconductors,1.8171686830637388,0.44315810801327016,252,cik:0001097149,ALGN,Health Care Supplies,1.7566309806921452,0.39266471095888295,252,1,0.3333333333333333,0.47743201386014283,-0.20674394276889987,-0.4303466858091526,472
2018-05,2018-04-30,2018-03-31,2017-05-01,2018-04-30,cik:0000723125,MU,Semiconductors,1.8171686830637388,0.44315810801327016,252,cik:0001065280,NFLX,Internet Software & Services,1.674794147824252,0.3681010383281027,252,2,0.3333333333333333,0.8198896355800657,-0.48622712148244857,-0.6601531647023325,472
2018-05,2018-04-30,2018-03-31,2017-05-01,2018-04-30,cik:0000723125,MU,Semiconductors,1.8171686830637388,0.44315810801327016,252,cik:0000879169,INCY,Biotechnology,1.5446145717596336,0.4340272132188116,252,3,0.3333333333333333,0.9337488756055622,-0.9308069084452923,-0.07406390406377958,472
2018-06,2018-05-31,2018-03-31,2017-06-01,2018-05-31,cik:0000723125,MU,Semiconductors,1.7663271454120228,0.45757741312156724,252,cik:0001097149,ALGN,Health Care Supplies,1.7379222893868682,0.3907863593981192,252,1,0.3333333333333333,0.5765590434676221,-0.10041633767700318,-0.56774720583358,473
2018-06,2018-05-31,2018-03-31,2017-06-01,2018-05-31,cik:0000723125,MU,Semiconductors,1.7663271454120228,0.45757741312156724,252,cik:0000831259,FCX,Copper,1.5228268874214106,0.4191867660567433,252,2,0.3333333333333333,0.916748823197959,-0.8608177457111262,-0.31531129618784287,473
2018-06,2018-05-31,2018-03-31,2017-06-01,2018-05-31,cik:0000723125,MU,Semiconductors,1.7663271454120228,0.45757741312156724,252,cik:0000879169,INCY,Biotechnology,1.5133587613001098,0.4255166762363978,252,3,0.3333333333333333,0.9317049792288508,-0.8942892953969626,-0.2613825251585068,473
2018-07,2018-06-29,2018-03-31,2017-06-30,2018-06-29,cik:0000723125,MU,Semiconductors,1.7698724007434368,0.45811819292965894,252,cik:0001097149,ALGN,Health Care Supplies,1.7100063831555654,0.3896835264064664,252,1,0.3333333333333333,0.623081381431235,-0.20369353517862715,-0.58884577914144,472
2018-07,2018-06-29,2018-03-31,2017-06-30,2018-06-29,cik:0000723125,MU,Semiconductors,1.7698724007434368,0.45811819292965894,252,cik:0000831259,FCX,Copper,1.550576426543695,0.4208905962780069,252,2,0.3333333333333333,0.8073994323244125,-0.7461523922085012,-0.30846466721379046,472
2018-07,2018-06-29,2018-03-31,2017-06-30,2018-06-29,cik:0000723125,MU,Semiconductors,1.7698724007434368,0.45811819292965894,252,cik:0001065280,NFLX,Internet Software & Services,1.635492892432446,0.37252884011237736,252,3,0.3333333333333333,0.8806871387544368,-0.45722495342628094,-0.7526985972697251,472
2018-08,2018-07-31,2018-06-30,2017-08-01,2018-07-31,cik:0000723125,MU,Semiconductors,1.804632961903682,0.4541639157193953,252,cik:0001097149,ALGN,Health Care Supplies,1.7394692782474241,0.3824172860422886,252,1,0.3333333333333333,0.675131048040138,-0.2170430148075686,-0.6392920003809032,476
2018-08,2018-07-31,2018-06-30,2017-08-01,2018-07-31,cik:0000723125,MU,Semiconductors,1.804632961903682,0.4541639157193953,252,cik:0000831259,FCX,Copper,1.5554861542139071,0.4006282437308031,252,2,0.3333333333333333,0.9518915997360476,-0.829842194863046,-0.46632558290633636,476
2018-08,2018-07-31,2018-06-30,2017-08-01,2018-07-31,cik:0000723125,MU,Semiconductors,1.804632961903682,0.4541639157193953,252,cik:0001065280,NFLX,Internet Software & Services,1.6256025029883316,0.3608776966881731,252,3,0.3333333333333333,1.0422675772306094,-0.5963031609806575,-0.8548357987067695,476
2018-09,2018-08-31,2018-06-30,2017-09-01,2018-08-31,cik:0000723125,MU,Semiconductors,1.7670231515830095,0.4526122074246707,252,cik:0001097149,ALGN,Health Care Supplies,1.7473850646586762,0.38303197213569007,252,1,0.3333333333333333,0.6199417476049485,-0.06541695128196484,-0.616480650879207,476
2018-09,2018-08-31,2018-06-30,2017-09-01,2018-08-31,cik:0000723125,MU,Semiconductors,1.7670231515830095,0.4526122074246707,252,cik:0000831259,FCX,Copper,1.5931721911961523,0.4022776523609083,252,2,0.3333333333333333,0.724547271777274,-0.5791195369370695,-0.43541854689216564,476
2018-09,2018-08-31,2018-06-30,2017-09-01,2018-08-31,cik:0000723125,MU,Semiconductors,1.7670231515830095,0.4526122074246707,252,cik:0001065280,NFLX,Internet Software & Services,1.6231092580660846,0.3662955944955059,252,3,0.3333333333333333,0.9168138052660716,-0.4793953808875987,-0.7814906412172116,476
2018-10,2018-09-28,2018-06-30,2017-09-29,2018-09-28,cik:0000723125,MU,Semiconductors,1.791230685474981,0.46248793058910764,252,cik:0001097149,ALGN,Health Care Supplies,1.764762501500601,0.3862261784976896,252,1,0.3333333333333333,0.675055730658393,-0.08860177167022695,-0.6692159334262998,476
2018-10,2018-09-28,2018-06-30,2017-09-29,2018-09-28,cik:0000723125,MU,Semiconductors,1.791230685474981,0.46248793058910764,252,cik:0000831259,FCX,Copper,1.5745044729264674,0.40177130345198875,252,2,0.3333333333333333,0.8941563089333846,-0.725487113802873,-0.5226700225872453,476
2018-10,2018-09-28,2018-06-30,2017-09-29,2018-09-28,cik:0000723125,MU,Semiconductors,1.791230685474981,0.46248793058910764,252,cik:0001065280,NFLX,Internet Software & Services,1.617179646401737,0.3751762867256434,252,3,0.3333333333333333,0.9711930777800644,-0.5826327351306124,-0.7770167889319611,476
2018-11,2018-10-31,2018-09-30,2017-11-01,2018-10-31,cik:0000723125,MU,Semiconductors,1.7384074531949845,0.4705001477539807,252,cik:0001065280,NFLX,Movies & Entertainment,1.8219299420056096,0.4188551491710892,252,1,0.3333333333333333,0.5186348331170308,0.2635230307887406,-0.4466964320052791,476
2018-11,2018-10-31,2018-09-30,2017-11-01,2018-10-31,cik:0000723125,MU,Semiconductors,1.7384074531949845,0.4705001477539807,252,cik:0001097149,ALGN,Health Care Supplies,1.5571495287010269,0.43699607423690245,252,2,0.3333333333333333,0.6384381115849557,-0.5718895389411334,-0.2838055277366215,476
2018-11,2018-10-31,2018-09-30,2017-11-01,2018-10-31,cik:0000723125,MU,Semiconductors,1.7384074531949845,0.4705001477539807,252,cik:0001596532,ANET,Communications Equipment,1.5231509141489885,0.4742436982564033,252,3,0.3333333333333333,0.6798411943319979,-0.679159066908451,0.030446861033602373,476
2018-12,2018-11-30,2018-09-30,2017-12-01,2018-11-30,cik:0000723125,MU,Semiconductors,1.7846429109835569,0.474709984164443,252,cik:0001097149,ALGN,Health Care Supplies,1.6676942094520488,0.4660156971084421,252,1,0.3333333333333333,0.3649310140293013,-0.35788397279510525,-0.0713702109906258,474
2018-12,2018-11-30,2018-09-30,2017-12-01,2018-11-30,cik:0000723125,MU,Semiconductors,1.7846429109835569,0.474709984164443,252,cik:0001065280,NFLX,Movies & Entertainment,1.858401437183807,0.43593607504721715,252,2,0.3333333333333333,0.39897762632187356,0.2257143007008549,-0.3289927062482702,474
2018-12,2018-11-30,2018-09-30,2017-12-01,2018-11-30,cik:0000723125,MU,Semiconductors,1.7846429109835569,0.474709984164443,252,cik:0001596532,ANET,Communications Equipment,1.5544513581867407,0.4725278909248888,252,3,0.3333333333333333,0.7046519552769017,-0.7044273800389622,-0.017788882117890654,474
2019-01,2018-12-31,2018-12-31,2017-12-29,2018-12-31,cik:0000723125,MU,Semiconductors,1.765237749133578,0.492544969521126,252,cik:0001065280,NFLX,Movies & Entertainment,1.8450721331775162,0.4636386335673778,252,1,0.3333333333333333,0.3581850002742931,0.26329809334779486,-0.24283864696730476,479
2019-01,2018-12-31,2018-12-31,2017-12-29,2018-12-31,cik:0000723125,MU,Semiconductors,1.765237749133578,0.492544969521126,252,cik:0001097149,ALGN,Health Care Supplies,1.6204711193857995,0.4657836968128536,252,2,0.3333333333333333,0.5275125035602918,-0.47744813277444537,-0.22430497525164797,479
2019-01,2018-12-31,2018-12-31,2017-12-29,2018-12-31,cik:0000723125,MU,Semiconductors,1.765237749133578,0.492544969521126,252,cik:0000815094,ABMD,Health Care Equipment,1.5551389549450776,0.47538196510032993,252,3,0.3333333333333333,0.7073992987524471,-0.6929171257093613,-0.14240654751145146,479
2019-02,2019-01-31,2018-12-31,2018-01-31,2019-01-31,cik:0000723125,MU,Semiconductors,1.801596909530197,0.5068900198554295,252,cik:0001065280,NFLX,Movies & Entertainment,1.8441894799672456,0.4698263787878175,252,1,0.3333333333333333,0.326896184323248,0.1393099460841359,-0.2957259783095393,479
2019-02,2019-01-31,2018-12-31,2018-01-31,2019-01-31,cik:0000723125,MU,Semiconductors,1.801596909530197,0.5068900198554295,252,cik:0001097149,ALGN,Health Care Supplies,1.632952891728873,0.4842052032426068,252,2,0.3333333333333333,0.579700848132887,-0.5515935945222665,-0.17831875899073,479
2019-02,2019-01-31,2018-12-31,2018-01-31,2019-01-31,cik:0000723125,MU,Semiconductors,1.801596909530197,0.5068900198554295,252,cik:0001067701,URI,Trading Companies & Distributors,1.6864717239131473,0.4251509831399913,252,3,0.3333333333333333,0.7815654083864237,-0.37654650181165816,-0.6848775215756758,479
2019-03,2019-02-28,2018-12-31,2018-02-28,2019-02-28,cik:0000723125,MU,Semiconductors,1.856022693496593,0.4901894969765067,252,cik:0001065280,NFLX,Movies & Entertainment,1.949928848141339,0.45866016018039235,252,1,0.3333333333333333,0.3695769443348377,0.2764550237831648,-0.24527482057668606,478
2019-03,2019-02-28,2018-12-31,2018-02-28,2019-02-28,cik:0000723125,MU,Semiconductors,1.856022693496593,0.4901894969765067,252,cik:0001097149,ALGN,Health Care Supplies,1.7120396098493962,0.47175752667856613,252,2,0.3333333333333333,0.4468415412031308,-0.42387899882221736,-0.14139999046062177,478
2019-03,2019-02-28,2018-12-31,2018-02-28,2019-02-28,cik:0000723125,MU,Semiconductors,1.856022693496593,0.4901894969765067,252,cik:0001418091,TWTR,Interactive Media & Services,1.8466866754968623,0.5586751409931124,252,3,0.3333333333333333,0.48325637457703163,-0.0274847701720906,0.48247415576165703,478
2019-04,2019-03-29,2018-12-31,2018-03-29,2019-03-29,cik:0000723125,MU,Semiconductors,1.932613131128988,0.484174137071902,252,cik:0001065280,NFLX,Movies & Entertainment,1.9286532422332223,0.4437506842939116,252,1,0.3333333333333333,0.31491588644703816,-0.011310039032369176,-0.31471272385114984,478
2019-04,2019-03-29,2018-12-31,2018-03-29,2019-03-29,cik:0000723125,MU,Semiconductors,1.932613131128988,0.484174137071902,252,cik:0001418091,TWTR,Interactive Media & Services,1.8508114358558103,0.5225825191089436,252,2,0.3333333333333333,0.3612827403981298,-0.2336379607627125,0.2755694500488464,478
2019-04,2019-03-29,2018-12-31,2018-03-29,2019-03-29,cik:0000723125,MU,Semiconductors,1.932613131128988,0.484174137071902,252,cik:0001097149,ALGN,Health Care Supplies,1.7620670818909339,0.47562990295648705,252,3,0.3333333333333333,0.49132712757226055,-0.4871052002901633,-0.06427184561445443,478
2019-05,2019-04-30,2019-03-31,2018-04-30,2019-04-30,cik:0000723125,MU,Semiconductors,1.9162668657963096,0.46151906457372455,252,cik:0001065280,NFLX,Movies & Entertainment,1.9096057789877197,0.43236257950352036,252,1,0.3333333333333333,0.2444025971035119,-0.018491811355992843,-0.24370203606805574,480
2019-05,2019-04-30,2019-03-31,2018-04-30,2019-04-30,cik:0000723125,MU,Semiconductors,1.9162668657963096,0.46151906457372455,252,cik:0001067701,URI,Trading Companies & Distributors,1.9087766978111211,0.41523842041505904,252,2,0.3333333333333333,0.39516254469451606,-0.02079341966061573,-0.39461509148569435,480
2019-05,2019-04-30,2019-03-31,2018-04-30,2019-04-30,cik:0000723125,MU,Semiconductors,1.9162668657963096,0.46151906457372455,252,cik:0001418091,TWTR,Interactive Media & Services,1.9215958956193007,0.5258432183989974,252,3,0.3333333333333333,0.4874870538513364,0.014793894304174713,0.48726252509706985,480
2019-06,2019-05-31,2019-03-31,2018-05-31,2019-05-31,cik:0000723125,MU,Semiconductors,1.9255777413644368,0.45517665197986173,252,cik:0001065280,NFLX,Movies & Entertainment,1.9047315965125828,0.4361087953196418,252,1,0.3333333333333333,0.16759309568301528,-0.05573861976242405,-0.1580526873785961,480
2019-06,2019-05-31,2019-03-31,2018-05-31,2019-05-31,cik:0000723125,MU,Semiconductors,1.9255777413644368,0.45517665197986173,252,cik:0001067701,URI,Trading Companies & Distributors,1.909482508953494,0.4172680871537419,252,2,0.3333333333333333,0.3240320710443825,-0.04303558503104246,-0.321161519311308,480
2019-06,2019-05-31,2019-03-31,2018-05-31,2019-05-31,cik:0000723125,MU,Semiconductors,1.9255777413644368,0.45517665197986173,252,cik:0001596532,ANET,Communications Equipment,1.7682417296007167,0.4271793349651596,252,3,0.3333333333333333,0.48161051262979754,-0.4206865200715674,-0.2344600983229579,480
2019-07,2019-06-28,2019-03-31,2018-06-28,2019-06-28,cik:0000723125,MU,Semiconductors,1.902613618270253,0.4718467321197636,252,cik:0001065280,NFLX,Movies & Entertainment,1.8827004371523743,0.42977552130364977,252,1,0.3333333333333333,0.34824513113014377,-0.053714818476691906,-0.34407759245825215,480
2019-07,2019-06-28,2019-03-31,2018-06-28,2019-06-28,cik:0000723125,MU,Semiconductors,1.902613618270253,0.4718467321197636,252,cik:0001418091,TWTR,Interactive Media & Services,1.9064580773965674,0.5210690211218403,252,2,0.3333333333333333,0.3657301048179382,0.010370237828330952,0.3655830517646078,480
2019-07,2019-06-28,2019-03-31,2018-06-28,2019-06-28,cik:0000723125,MU,Semiconductors,1.902613618270253,0.4718467321197636,252,cik:0001097149,ALGN,Health Care Supplies,1.766008097479217,0.47287580654908656,252,3,0.3333333333333333,0.36857402380444826,-0.36848661742027666,0.008026444142000627,480
2019-08,2019-07-31,2019-06-30,2018-07-31,2019-07-31,cik:0000723125,MU,Semiconductors,1.893815107891573,0.4739672548544257,252,cik:0001418091,TWTR,Interactive Media & Services,1.8372688846986034,0.471853253671715,252,1,0.3333333333333333,0.15689116011095777,-0.15602239270111823,-0.016487846941921572,477
2019-08,2019-07-31,2019-06-30,2018-07-31,2019-07-31,cik:0000723125,MU,Semiconductors,1.893815107891573,0.4739672548544257,252,cik:0001174922,WYNN,Casinos & Gaming,1.7780823867132844,0.46817160043684575,252,2,0.3333333333333333,0.32253812576781454,-0.31932983411512733,-0.045379506584138044,477
2019-08,2019-07-31,2019-06-30,2018-07-31,2019-07-31,cik:0000723125,MU,Semiconductors,1.893815107891573,0.4739672548544257,252,cik:0001065280,NFLX,Movies & Entertainment,1.8640561099429978,0.43425627231806435,252,3,0.3333333333333333,0.3330278591601022,-0.08211105538347703,-0.32274654074145,477
2019-09,2019-08-30,2019-06-30,2018-08-30,2019-08-30,cik:0000723125,MU,Semiconductors,1.8481270212908474,0.4820047051528753,252,cik:0001174922,WYNN,Casinos & Gaming,1.7684328790680997,0.47900068514470473,252,1,0.3333333333333333,0.2290577995141377,-0.2279105502831661,-0.022896650145453987,477
2019-09,2019-08-30,2019-06-30,2018-08-30,2019-08-30,cik:0000723125,MU,Semiconductors,1.8481270212908474,0.4820047051528753,252,cik:0001067701,URI,Trading Companies & Distributors,1.9016369798647066,0.4471945910840051,252,2,0.3333333333333333,0.31430196380612896,0.15302861369799173,-0.2745322710394172,477
2019-09,2019-08-30,2019-06-30,2018-08-30,2019-08-30,cik:0000723125,MU,Semiconductors,1.8481270212908474,0.4820047051528753,252,cik:0001418091,TWTR,Interactive Media & Services,1.7334194203059903,0.47402603639437085,252,3,0.3333333333333333,0.3336898995278956,-0.32804258547698384,-0.06113109814581103,477
2019-10,2019-09-30,2019-09-30,2018-09-28,2019-09-30,cik:0000723125,MU,Semiconductors,1.8632037667817636,0.47962923106488364,252,cik:0001067701,URI,Trading Companies & Distributors,1.8981361573750848,0.4471691191355231,252,1,0.3333333333333333,0.27305037616161176,0.09837330739173801,-0.2547139578327193,480
2019-10,2019-09-30,2019-09-30,2018-09-28,2019-09-30,cik:0000723125,MU,Semiconductors,1.8632037667817636,0.47962923106488364,252,cik:0001174922,WYNN,Casinos & Gaming,1.7584893425855377,0.472497846999377,252,2,0.3333333333333333,0.2998717669996451,-0.2948868962255812,-0.05444993184506979,480
2019-10,2019-09-30,2019-09-30,2018-09-28,2019-09-30,cik:0000723125,MU,Semiconductors,1.8632037667817636,0.47962923106488364,252,cik:0001418091,TWTR,Interactive Media & Services,1.725987011698369,0.4672431301351013,252,3,0.3333333333333333,0.3979471513389028,-0.3864168984099357,-0.0950995051616622,480
2019-11,2019-10-31,2019-09-30,2018-10-31,2019-10-31,cik:0000723125,MU,Semiconductors,1.9497960916331327,0.4770863666919731,252,cik:0001111928,IPGP,Electronic Manufacturing Services,1.8682868433156834,0.46772596257610466,252,1,0.3333333333333333,0.24154396131461667,-0.23102350691396123,-0.07050974755827696,480
2019-11,2019-10-31,2019-09-30,2018-10-31,2019-10-31,cik:0000723125,MU,Semiconductors,1.9497960916331327,0.4770863666919731,252,cik:0001174922,WYNN,Casinos & Gaming,1.8091305290414725,0.4625009067225653,252,2,0.3333333333333333,0.4137172265318573,-0.3986915870624433,-0.1104851208753572,480
2019-11,2019-10-31,2019-09-30,2018-10-31,2019-10-31,cik:0000723125,MU,Semiconductors,1.9497960916331327,0.4770863666919731,252,cik:0001067701,URI,Trading Companies & Distributors,1.8774381461656593,0.41442605506657104,252,3,0.3333333333333333,0.5413832829600267,-0.20508576216873625,-0.501034618788208,480
2019-12,2019-11-29,2019-09-30,2018-11-29,2019-11-29,cik:0000723125,MU,Semiconductors,1.9577884775879202,0.4640657005972432,252,cik:0001111928,IPGP,Electronic Manufacturing Services,1.9927841506277661,0.4601322985187782,252,1,0.3333333333333333,0.10430984196394089,0.09983963858616694,-0.030209099581514975,479
2019-12,2019-11-29,2019-09-30,2018-11-29,2019-11-29,cik:0000723125,MU,Semiconductors,1.9577884775879202,0.4640657005972432,252,cik:0000106040,WDC,"Technology Hardware, Storage & Peripherals",1.8459443423922703,0.48956940742812244,252,2,0.3333333333333333,0.37130008902698824,-0.31908167684621913,0.18987005981053043,479
2019-12,2019-11-29,2019-09-30,2018-11-29,2019-11-29,cik:0000723125,MU,Semiconductors,1.9577884775879202,0.4640657005972432,252,cik:0001067701,URI,Trading Companies & Distributors,1.9267276638688324,0.40649182274498025,252,3,0.3333333333333333,0.4783831717550812,-0.08861382412548756,-0.4701042960794005,479
2020-01,2019-12-31,2019-12-31,2019-01-02,2019-12-31,cik:0000723125,MU,Semiconductors,2.1197937646103555,0.44046533832181306,252,cik:0001111928,IPGP,Electronic Manufacturing Services,2.2038776610570943,0.438533419004985,252,1,0.3333333333333333,0.20631395591612336,0.20577475826903774,-0.01490628273846878,483
2020-01,2019-12-31,2019-12-31,2019-01-02,2019-12-31,cik:0000723125,MU,Semiconductors,2.1197937646103555,0.44046533832181306,252,cik:0000106040,WDC,"Technology Hardware, Storage & Peripherals",2.156230094770553,0.4819803899639066,252,2,0.3333333333333333,0.31818990275665304,0.08916900081663973,0.30544017992014477,483
2020-01,2019-12-31,2019-12-31,2019-01-02,2019-12-31,cik:0000723125,MU,Semiconductors,2.1197937646103555,0.44046533832181306,252,cik:0001067701,URI,Trading Companies & Distributors,2.117179981949802,0.37551925291060684,252,3,0.3333333333333333,0.5409895996528378,-0.0063965933772334145,-0.5409517820709199,483
2020-02,2020-01-31,2019-12-31,2019-02-01,2020-01-31,cik:0000723125,MU,Semiconductors,2.077505081923021,0.4255048190043338,252,cik:0001174922,WYNN,Casinos & Gaming,2.028032689686476,0.39290520401329243,252,1,0.3333333333333333,0.2905099637314449,-0.11666703610073753,-0.26605420822590764,483
2020-02,2020-01-31,2019-12-31,2019-02-01,2020-01-31,cik:0000723125,MU,Semiconductors,2.077505081923021,0.4255048190043338,252,cik:0000106040,WDC,"Technology Hardware, Storage & Peripherals",2.1334323021853594,0.4603376065128307,252,2,0.3333333333333333,0.2938918921163339,0.1318889734331505,0.26263614172171457,483
2020-02,2020-01-31,2019-12-31,2019-02-01,2020-01-31,cik:0000723125,MU,Semiconductors,2.077505081923021,0.4255048190043338,252,cik:0001111928,IPGP,Electronic Manufacturing Services,2.2819060158123223,0.4361903401296266,252,3,0.3333333333333333,0.48908105958052644,0.4820234085117056,0.08278717586177131,483
2020-03,2020-02-28,2019-12-31,2019-03-01,2020-02-28,cik:0000723125,MU,Semiconductors,1.8605154493083171,0.42787684755358485,252,cik:0001090012,DVN,Oil & Gas Exploration & Production,1.804616266528422,0.4436339505080163,252,1,0.3333333333333333,0.1999369204462577,-0.1531009754280343,0.12858796009159495,483
2020-03,2020-02-28,2019-12-31,2019-03-01,2020-02-28,cik:0000723125,MU,Semiconductors,1.8605154493083171,0.42787684755358485,252,cik:0001174922,WYNN,Casinos & Gaming,1.8108308463919214,0.40655567786150076,252,2,0.3333333333333333,0.22704449651730804,-0.13608000675442108,-0.18174552308245343,483
2020-03,2020-02-28,2019-12-31,2019-03-01,2020-02-28,cik:0000723125,MU,Semiconductors,1.8605154493083171,0.42787684755358485,252,cik:0001111928,IPGP,Electronic Manufacturing Services,1.9662597540463738,0.4542639940387934,252,3,0.3333333333333333,0.35938278639084215,0.2896206240635518,0.21278129915733773,483
2020-04,2020-03-31,2020-03-31,2019-04-02,2020-03-31,cik:0000723125,MU,Semiconductors,1.3995617681866315,0.5473278362218015,252,cik:0001590955,PAYC,Application Software,1.3834626004635981,0.5373722675240484,252,1,0.3333333333333333,0.09855514599308786,-0.05839671822385108,-0.07939105807585009,486
2020-04,2020-03-31,2020-03-31,2019-04-02,2020-03-31,cik:0000723125,MU,Semiconductors,1.3995617681866315,0.5473278362218015,252,cik:0001001082,DISH,Cable & Satellite,1.4226486616990925,0.538551161685923,252,2,0.3333333333333333,0.10909102451460771,0.08374338588834974,-0.06991349619066183,486
2020-04,2020-03-31,2020-03-31,2019-04-02,2020-03-31,cik:0000723125,MU,Semiconductors,1.3995617681866315,0.5473278362218015,252,cik:0000106640,WHR,Household Appliances,1.4313105941874813,0.5395231098640634,252,3,0.3333333333333333,0.13084648346412303,0.11516292505339384,-0.06211523909696727,486
2020-05,2020-04-30,2020-03-31,2019-05-02,2020-04-30,cik:0000723125,MU,Semiconductors,1.4158842536661254,0.5835375113887943,252,cik:0000028412,CMA,Diversified Banks,1.4283245336901254,0.594993098513509,252,1,0.3333333333333333,0.09010193886038574,0.04292243724476353,0.07922135928756857,485
2020-05,2020-04-30,2020-03-31,2019-05-02,2020-04-30,cik:0000723125,MU,Semiconductors,1.4158842536661254,0.5835375113887943,252,cik:0000217346,TXT,Aerospace & Defense,1.4484945896072692,0.5819075771749234,252,2,0.3333333333333333,0.11309061149039366,0.11251475812956369,-0.011398052917798846,485
2020-05,2020-04-30,2020-03-31,2019-05-02,2020-04-30,cik:0000723125,MU,Semiconductors,1.4158842536661254,0.5835375113887943,252,cik:0001001082,DISH,Cable & Satellite,1.4389378249973472,0.5690234420006117,252,3,0.3333333333333333,0.1298498805594803,0.07954125363923167,-0.10263615567045911,485
2020-06,2020-05-29,2020-03-31,2019-05-31,2020-05-29,cik:0000723125,MU,Semiconductors,1.4332338370557485,0.596359666201431,252,cik:0001636023,WRK,Paper Packaging,1.4494450791391977,0.6091111761460141,252,1,0.3333333333333333,0.09826249363537852,0.05297031721322117,0.08276269177457635,484
2020-06,2020-05-29,2020-03-31,2019-05-31,2020-05-29,cik:0000723125,MU,Semiconductors,1.4332338370557485,0.596359666201431,252,cik:0001751788,DOW,Commodity Chemicals,1.404756291746239,0.5907425499326775,252,2,0.3333333333333333,0.10014447752197538,-0.0930505263405231,-0.03702047981727205,484
2020-06,2020-05-29,2020-03-31,2019-05-31,2020-05-29,cik:0000723125,MU,Semiconductors,1.4332338370557485,0.596359666201431,252,cik:0000106640,WHR,Household Appliances,1.4694429917353435,0.6040851722451265,252,3,0.3333333333333333,0.128581825729644,0.1183135998788717,0.05035055105627731,484
2020-07,2020-06-30,2020-06-30,2019-07-02,2020-06-30,cik:0000723125,MU,Semiconductors,1.4149976796554942,0.584945585798811,252,cik:0001138118,CBRE,Real Estate Services,1.3755592970379988,0.5736899138829135,252,1,0.3333333333333333,0.14399848915692992,-0.1232516991793654,-0.07446196028092252,481
2020-07,2020-06-30,2020-06-30,2019-07-02,2020-06-30,cik:0000723125,MU,Semiconductors,1.4149976796554942,0.584945585798811,252,cik:0001751788,DOW,Commodity Chemicals,1.4242065436448943,0.6073029440392735,252,2,0.3333333333333333,0.14660027020148098,0.02877927690933585,0.14374766935057764,481
2020-07,2020-06-30,2020-06-30,2019-07-02,2020-06-30,cik:0000723125,MU,Semiconductors,1.4149976796554942,0.584945585798811,252,cik:0000093751,STT,Asset Management & Custody Banks,1.3804445176810474,0.5682219024299604,252,3,0.3333333333333333,0.15497810667947565,-0.10798454811585452,-0.11116452185013721,481
2020-08,2020-07-31,2020-06-30,2019-08-02,2020-07-31,cik:0000723125,MU,Semiconductors,1.4088839261178556,0.5843300740435619,252,cik:0000072971,WFC,Diversified Banks,1.4287059362471262,0.5753698553196033,252,1,0.3333333333333333,0.08523150128665512,0.06187650234689915,-0.05861490654169192,481
2020-08,2020-07-31,2020-06-30,2019-08-02,2020-07-31,cik:0000723125,MU,Semiconductors,1.4088839261178556,0.5843300740435619,252,cik:0001138118,CBRE,Real Estate Services,1.3815489276608461,0.5787714562207394,252,2,0.3333333333333333,0.09271216499126543,-0.08532909049824385,-0.03625592161440853,481
2020-08,2020-07-31,2020-06-30,2019-08-02,2020-07-31,cik:0000723125,MU,Semiconductors,1.4088839261178556,0.5843300740435619,252,cik:0000093410,CVX,Integrated Oil & Gas,1.3808975351059414,0.5708590937215904,252,3,0.3333333333333333,0.12433425657090834,-0.08736248129410458,-0.08846922752673775,481
2020-09,2020-08-31,2020-06-30,2019-09-03,2020-08-31,cik:0000723125,MU,Semiconductors,1.398957985389464,0.5790967271106617,252,cik:0000093410,CVX,Integrated Oil & Gas,1.4028621126648178,0.5717462077399957,252,1,0.3333333333333333,0.04928998948166623,0.011984799121287639,-0.047810748301246556,481
2020-09,2020-08-31,2020-06-30,2019-09-03,2020-08-31,cik:0000723125,MU,Semiconductors,1.398957985389464,0.5790967271106617,252,cik:0000093751,STT,Asset Management & Custody Banks,1.3836369285789683,0.568403444397805,252,2,0.3333333333333333,0.08413135876759555,-0.04703222391308737,-0.06975711749972965,481
2020-09,2020-08-31,2020-06-30,2019-09-03,2020-08-31,cik:0000723125,MU,Semiconductors,1.398957985389464,0.5790967271106617,252,cik:0001138118,CBRE,Real Estate Services,1.3659450657562053,0.5792727783664867,252,3,0.3333333333333333,0.10134867834432643,-0.1013422929906842,0.0011376526412131436,481
2020-10,2020-09-30,2020-09-30,2019-10-02,2020-09-30,cik:0000723125,MU,Semiconductors,1.3513966456616702,0.5772547868814364,252,cik:0001138118,CBRE,Real Estate Services,1.346579526102165,0.5831700550860609,252,1,0.3333333333333333,0.04167967834202322,-0.015366104407664114,0.03874375332911468,481
2020-10,2020-09-30,2020-09-30,2019-10-02,2020-09-30,cik:0000723125,MU,Semiconductors,1.3513966456616702,0.5772547868814364,252,cik:0000093410,CVX,Integrated Oil & Gas,1.3789178765626924,0.5760115538389972,252,2,0.3333333333333333,0.08817134393686092,0.08778983004855555,-0.008193389510938273,481
2020-10,2020-09-30,2020-09-30,2019-10-02,2020-09-30,cik:0000723125,MU,Semiconductors,1.3513966456616702,0.5772547868814364,252,cik:0000093751,STT,Asset Management & Custody Banks,1.357188118412874,0.5618521394911999,252,3,0.3333333333333333,0.10442461770933308,0.018474188541477667,-0.10277745444149847,481
2020-11,2020-10-30,2020-09-30,2019-11-01,2020-10-30,cik:0000723125,MU,Semiconductors,1.3255629692381363,0.5712105855532507,252,cik:0000036104,USB,Diversified Banks,1.32262005859037,0.5603973972105846,252,1,0.3333333333333333,0.07238161229029462,-0.009486858707756557,-0.07175721085439145,480
2020-11,2020-10-30,2020-09-30,2019-11-01,2020-10-30,cik:0000723125,MU,Semiconductors,1.3255629692381363,0.5712105855532507,252,cik:0001519751,FBHS,Building Products,1.306062675613542,0.5589858130824793,252,2,0.3333333333333333,0.10271009567064969,-0.06286175576438441,-0.08122661765020685,480
2020-11,2020-10-30,2020-09-30,2019-11-01,2020-10-30,cik:0000723125,MU,Semiconductors,1.3255629692381363,0.5712105855532507,252,cik:0000720005,RJF,Investment Banking & Brokerage,1.3490522399545424,0.5591018727813529,252,3,0.3333333333333333,0.11047793838443509,0.0757207469428013,-0.08044714632663663,480
2020-12,2020-11-30,2020-09-30,2019-12-02,2020-11-30,cik:0000723125,MU,Semiconductors,1.3239976020278632,0.5753139309358759,252,cik:0000051644,IPG,Advertising,1.3114000048257057,0.5720615945118364,252,1,0.3333333333333333,0.04491784941746676,-0.03993862909215248,-0.020555269458941428,479
2020-12,2020-11-30,2020-09-30,2019-12-02,2020-11-30,cik:0000723125,MU,Semiconductors,1.3239976020278632,0.5753139309358759,252,cik:0000036104,USB,Diversified Banks,1.330811674871866,0.5838617277053051,252,2,0.3333333333333333,0.05767307968706869,0.02160290756692276,0.05347427891281907,479
2020-12,2020-11-30,2020-09-30,2019-12-02,2020-11-30,cik:0000723125,MU,Semiconductors,1.3239976020278632,0.5753139309358759,252,cik:0000720005,RJF,Investment Banking & Brokerage,1.3486330193618044,0.5753716384713229,252,3,0.3333333333333333,0.07810342287896649,0.0781025762009723,0.0003636704304469708,479
2021-01,2020-12-31,2020-12-31,2020-01-03,2020-12-31,cik:0000723125,MU,Semiconductors,1.3209240743978647,0.5753600929592803,252,cik:0000051644,IPG,Advertising,1.3143367728466036,0.573845916344282,252,1,0.3333333333333333,0.02298654649204853,-0.020923114639649385,-0.009518644515223698,483
2021-01,2020-12-31,2020-12-31,2020-01-03,2020-12-31,cik:0000723125,MU,Semiconductors,1.3209240743978647,0.5753600929592803,252,cik:0000036104,USB,Diversified Banks,1.3282741050926,0.5854256584527865,252,2,0.3333333333333333,0.06685464166066563,0.023345756017718995,0.0626459798194357,483
2021-01,2020-12-31,2020-12-31,2020-01-03,2020-12-31,cik:0000723125,MU,Semiconductors,1.3209240743978647,0.5753600929592803,252,cik:0000765880,PEAK,Health Care REITs,1.3020981048814095,0.5847629522732232,252,3,0.3333333333333333,0.08369156494156688,-0.059796551794402374,0.05855467902625597,483
2021-02,2021-01-29,2020-12-31,2020-01-31,2021-01-29,cik:0000723125,MU,Semiconductors,1.3207204537714403,0.5764448578892335,252,cik:0000051644,IPG,Advertising,1.3047197740227112,0.5803914493584414,252,1,0.3333333333333333,0.05696162485012929,-0.05119739848677756,0.024969042707980886,483
2021-02,2021-01-29,2020-12-31,2020-01-31,2021-01-29,cik:0000723125,MU,Semiconductors,1.3207204537714403,0.5764448578892335,252,cik:0000720005,RJF,Investment Banking & Brokerage,1.3431247701637297,0.5785232496368837,252,2,0.3333333333333333,0.07288696916565986,0.07168712405802558,0.013170668868554154,483
2021-02,2021-01-29,2020-12-31,2020-01-31,2021-01-29,cik:0000723125,MU,Semiconductors,1.3207204537714403,0.5764448578892335,252,cik:0000103379,VFC,"Apparel, Accessories & Luxury Goods",1.2892180830285966,0.5772313575275667,252,3,0.3333333333333333,0.10092160054940362,-0.10079818192271958,0.004989587009734637,483
2021-03,2021-02-26,2020-12-31,2020-02-28,2021-02-26,cik:0000723125,MU,Semiconductors,1.3268962006889975,0.5783161154701902,252,cik:0000051644,IPG,Advertising,1.3143849669251277,0.5785168772375585,252,1,0.3333333333333333,0.03949309076495613,-0.039473124564429536,0.0012556493499749034,483
2021-03,2021-02-26,2020-12-31,2020-02-28,2021-02-26,cik:0000723125,MU,Semiconductors,1.3268962006889975,0.5783161154701902,252,cik:0000765880,PEAK,Health Care REITs,1.322409341293394,0.5895431336867076,252,2,0.3333333333333333,0.07098360077479822,-0.014156106677281014,0.06955771864212752,483
2021-03,2021-02-26,2020-12-31,2020-02-28,2021-02-26,cik:0000723125,MU,Semiconductors,1.3268962006889975,0.5783161154701902,252,cik:0000720005,RJF,Investment Banking & Brokerage,1.3533672667159062,0.5758959808199704,252,3,0.3333333333333333,0.08488333009006287,0.08351659847095837,-0.015170942852021002,483
2021-04,2021-03-31,2021-03-31,2020-04-01,2021-03-31,cik:0000723125,MU,Semiconductors,1.455024136901986,0.47384822900372764,252,cik:0000004962,AXP,Consumer Finance,1.4599045916004718,0.48087129200305334,252,1,0.3333333333333333,0.04746184238309855,0.012274951994765923,0.04584705046046345,484
2021-04,2021-03-31,2021-03-31,2020-04-01,2021-03-31,cik:0000723125,MU,Semiconductors,1.455024136901986,0.47384822900372764,252,cik:0001001082,DISH,Cable & Satellite,1.4370747167200282,0.46414570502627206,252,2,0.3333333333333333,0.07870428836615755,-0.045145029444854115,-0.06446930528279746,484
2021-04,2021-03-31,2021-03-31,2020-04-01,2021-03-31,cik:0000723125,MU,Semiconductors,1.455024136901986,0.47384822900372764,252,cik:0001519751,FBHS,Building Products,1.4236435562282639,0.46823339199482716,252,3,0.3333333333333333,0.0872302435428162,-0.0789260724942971,-0.0371455309447043,484
2021-05,2021-04-30,2021-03-31,2020-05-01,2021-04-30,cik:0000723125,MU,Semiconductors,1.464627296903754,0.43854968118516324,252,cik:0001521332,APTV,Auto Parts & Equipment,1.4604078011196024,0.4288810487485413,252,1,0.3333333333333333,0.06916119524463832,-0.010716271121863083,-0.06832592817452028,483
2021-05,2021-04-30,2021-03-31,2020-05-01,2021-04-30,cik:0000723125,MU,Semiconductors,1.464627296903754,0.43854968118516324,252,cik:0001126328,PFG,Life & Health Insurance,1.4926153322410285,0.4462962021719083,252,2,0.3333333333333333,0.08906424193164776,0.07108133061041383,0.053664547231036336,483
2021-05,2021-04-30,2021-03-31,2020-05-01,2021-04-30,cik:0000723125,MU,Semiconductors,1.464627296903754,0.43854968118516324,252,cik:0000092230,TFC,Regional Banks,1.4720569158297359,0.4526747020710515,252,3,0.3333333333333333,0.09897269010659393,0.01886903431495151,0.09715736169203576,483
2021-06,2021-05-28,2021-03-31,2020-06-01,2021-05-28,cik:0000723125,MU,Semiconductors,1.398339903677904,0.41653946746691184,252,cik:0000217346,TXT,Aerospace & Defense,1.4122273499509177,0.4138327295822991,252,1,0.3333333333333333,0.04500616058810394,0.04005995997991678,-0.020512291371021087,482
2021-06,2021-05-28,2021-03-31,2020-06-01,2021-05-28,cik:0000723125,MU,Semiconductors,1.398339903677904,0.41653946746691184,252,cik:0001521332,APTV,Auto Parts & Equipment,1.3569977025041693,0.4086760069756744,252,2,0.3333333333333333,0.13348373016710835,-0.11925640552934344,-0.059965122859427,482
2021-06,2021-05-28,2021-03-31,2020-06-01,2021-05-28,cik:0000723125,MU,Semiconductors,1.398339903677904,0.41653946746691184,252,cik:0001093557,DXCM,Health Care Equipment,1.344344969118552,0.4268138009190993,252,3,0.3333333333333333,0.17360084952619176,-0.15575469204652256,0.07666636069169057,482
2021-07,2021-06-30,2021-06-30,2020-07-01,2021-06-30,cik:0000723125,MU,Semiconductors,1.4563865121782726,0.4030969932718786,252,cik:0001590955,PAYC,Application Software,1.4380075647186876,0.4007276552348358,252,1,0.3333333333333333,0.0628571556883033,-0.059869761002955144,-0.019147682331619967,483
2021-07,2021-06-30,2021-06-30,2020-07-01,2021-06-30,cik:0000723125,MU,Semiconductors,1.4563865121782726,0.4030969932718786,252,cik:0000857005,PTC,Application Software,1.475864980491875,0.38957254243392453,252,2,0.3333333333333333,0.12772180446628442,0.06345147050468497,-0.11084570459389434,483
2021-07,2021-06-30,2021-06-30,2020-07-01,2021-06-30,cik:0000723125,MU,Semiconductors,1.4563865121782726,0.4030969932718786,252,cik:0001633917,PYPL,Data Processing & Outsourced Services,1.4069525632843736,0.3969449403267328,252,3,0.3333333333333333,0.1686020422947411,-0.16103200208924598,-0.049953407982706664,483
2021-08,2021-07-30,2021-06-30,2020-07-31,2021-07-30,cik:0000723125,MU,Semiconductors,1.4399070441334514,0.40198145818505243,252,cik:0001590955,PAYC,Application Software,1.4104494529739853,0.39167310063617516,252,1,0.3333333333333333,0.12793005389758214,-0.09571399723309218,-0.08488185568130502,482
2021-08,2021-07-30,2021-06-30,2020-07-31,2021-07-30,cik:0000723125,MU,Semiconductors,1.4399070441334514,0.40198145818505243,252,cik:0001633917,PYPL,Data Processing & Outsourced Services,1.4033677142755376,0.3920128937064898,252,2,0.3333333333333333,0.14431686893985887,-0.118724076859745,-0.08204847490603204,482
2021-08,2021-07-30,2021-06-30,2020-07-31,2021-07-30,cik:0000723125,MU,Semiconductors,1.4399070441334514,0.40198145818505243,252,cik:0001067701,URI,Trading Companies & Distributors,1.3816129026049517,0.41093434247842653,252,3,0.3333333333333333,0.20262341292218244,-0.18941010046475992,0.07197264276211342,482
2021-09,2021-08-31,2021-06-30,2020-09-01,2021-08-31,cik:0000723125,MU,Semiconductors,1.4418884122362174,0.40428485962643157,252,cik:0001590955,PAYC,Application Software,1.4116832103910928,0.399529459380524,252,1,0.3333333333333333,0.10331983165299397,-0.09585144895086999,-0.038567957514260176,482
2021-09,2021-08-31,2021-06-30,2020-09-01,2021-08-31,cik:0000723125,MU,Semiconductors,1.4418884122362174,0.40428485962643157,252,cik:0001633917,PYPL,Data Processing & Outsourced Services,1.413283356745621,0.3903564988584856,252,2,0.3333333333333333,0.14594303758505098,-0.09077363661240524,-0.11427824427996174,482
2021-09,2021-08-31,2021-06-30,2020-09-01,2021-08-31,cik:0000723125,MU,Semiconductors,1.4418884122362174,0.40428485962643157,252,cik:0001067701,URI,Trading Companies & Distributors,1.3946915297740254,0.4120805869619711,252,3,0.3333333333333333,0.16219531438911838,-0.14977187019510674,0.06225517575306532,482
2021-10,2021-09-30,2021-09-30,2020-10-01,2021-09-30,cik:0000723125,MU,Semiconductors,1.61051607714112,0.38797785164569154,252,cik:0000914208,IVZ,Asset Management & Custody Banks,1.6081003681866848,0.39390175440690484,252,1,0.3333333333333333,0.04902653373112352,-0.006877730440428059,0.04854171230681713,484
2021-10,2021-09-30,2021-09-30,2020-10-01,2021-09-30,cik:0000723125,MU,Semiconductors,1.61051607714112,0.38797785164569154,252,cik:0000012927,BA,Aerospace & Defense,1.5780461146604505,0.4051613390857078,252,2,0.3333333333333333,0.16678878176060244,-0.0924447661390852,0.13882529645088362,484
2021-10,2021-09-30,2021-09-30,2020-10-01,2021-09-30,cik:0000723125,MU,Semiconductors,1.61051607714112,0.38797785164569154,252,cik:0001075531,BKNG,Internet & Direct Marketing Retail,1.5542110641937266,0.3747143336402776,252,3,0.3333333333333333,0.195227611207798,-0.16030519768782409,-0.11142739237804486,484
2021-11,2021-10-29,2021-09-30,2020-10-30,2021-10-29,cik:0000723125,MU,Semiconductors,1.7169778161535243,0.3829337353308609,252,cik:0000914208,IVZ,Asset Management & Custody Banks,1.7701178812032785,0.3882540925681263,252,1,0.3333333333333333,0.1509068582760559,0.14418382011941314,0.044541058480039974,484
2021-11,2021-10-29,2021-09-30,2020-10-30,2021-10-29,cik:0000723125,MU,Semiconductors,1.7169778161535243,0.3829337353308609,252,cik:0001633917,PYPL,Data Processing & Outsourced Services,1.5549461985392332,0.37558871543493005,252,2,0.3333333333333333,0.44405999779014377,-0.4396369779728852,-0.06251887104108132,484
2021-11,2021-10-29,2021-09-30,2020-10-30,2021-10-29,cik:0000723125,MU,Semiconductors,1.7169778161535243,0.3829337353308609,252,cik:0001097149,ALGN,Health Care Supplies,1.551170848368975,0.37348257362477283,252,3,0.3333333333333333,0.45705623236574255,-0.4498805561342338,-0.08067146184816658,484
2021-12,2021-11-30,2021-09-30,2020-12-01,2021-11-30,cik:0000723125,MU,Semiconductors,1.7434395585886036,0.3845030898303558,252,cik:0000914208,IVZ,Asset Management & Custody Banks,1.7168459697993543,0.37020005961773716,252,1,0.3333333333333333,0.15015678822149442,-0.07480849365441511,-0.13019504724125286,484
2021-12,2021-11-30,2021-09-30,2020-12-01,2021-11-30,cik:0000723125,MU,Semiconductors,1.7434395585886036,0.3845030898303558,252,cik:0000857005,PTC,Application Software,1.6380050400394757,0.3756097845325714,252,2,0.3333333333333333,0.30728671023825754,-0.29659018849788793,-0.08037028291500646,484
2021-12,2021-11-30,2021-09-30,2020-12-01,2021-11-30,cik:0000723125,MU,Semiconductors,1.7434395585886036,0.3845030898303558,252,cik:0001590955,PAYC,Application Software,1.6203289252281436,0.3658884408880398,252,3,0.3333333333333333,0.38597870074718554,-0.34631358360553915,-0.17043021809753886,484
2022-01,2021-12-31,2021-12-31,2021-01-04,2021-12-31,cik:0000723125,MU,Semiconductors,1.6835048637977983,0.3980373730419176,252,cik:0000719739,SIVB,Regional Banks,1.7005827205394095,0.3827100584183129,252,1,0.3333333333333333,0.14311109395008959,0.045692163204005674,-0.13562083701750952,483
2022-01,2021-12-31,2021-12-31,2021-01-04,2021-12-31,cik:0000723125,MU,Semiconductors,1.6835048637977983,0.3980373730419176,252,cik:0001590955,PAYC,Application Software,1.6543857127009636,0.372316036395217,252,2,0.3333333333333333,0.24351643536684456,-0.077908898312561,-0.23071726822563068,483
2022-01,2021-12-31,2021-12-31,2021-01-04,2021-12-31,cik:0000723125,MU,Semiconductors,1.6835048637977983,0.3980373730419176,252,cik:0001097149,ALGN,Health Care Supplies,1.6065341872462766,0.3801295126922393,252,3,0.3333333333333333,0.26016707040173004,-0.20593665634549949,-0.15898741489392929,483
2022-02,2022-01-31,2021-12-31,2021-02-02,2022-01-31,cik:0000723125,MU,Semiconductors,1.712165852198918,0.39571813319368604,252,cik:0001097149,ALGN,Health Care Supplies,1.7108876163243163,0.39633703466202475,252,1,0.3333333333333333,0.006313060399981915,-0.0034191255088061754,0.005307005970304795,483
2022-02,2022-01-31,2021-12-31,2021-02-02,2022-01-31,cik:0000723125,MU,Semiconductors,1.712165852198918,0.39571813319368604,252,cik:0001590955,PAYC,Application Software,1.7413078884028863,0.38995164297086093,252,2,0.3333333333333333,0.09252791853649445,0.07795140266626131,-0.049849719468203046,483
2022-02,2022-01-31,2021-12-31,2021-02-02,2022-01-31,cik:0000723125,MU,Semiconductors,1.712165852198918,0.39571813319368604,252,cik:0001262039,FTNT,Systems Software,1.7324050539857359,0.37806541540095767,252,3,0.3333333333333333,0.16415515694688831,0.05413740334016603,-0.15497114928863925,483
2022-03,2022-02-28,2021-12-31,2021-03-02,2022-02-28,cik:0000723125,MU,Semiconductors,1.6148295755291144,0.39219919266755404,252,cik:0001373715,NOW,Systems Software,1.6219787848151292,0.3958434259744392,252,1,0.3333333333333333,0.036874561812674345,0.018903100414178274,0.03166079758326114,483
2022-03,2022-02-28,2021-12-31,2021-03-02,2022-02-28,cik:0000723125,MU,Semiconductors,1.6148295755291144,0.39219919266755404,252,cik:0000701985,BBWI,Specialty Stores,1.554796742744415,0.3982052831798115,252,2,0.3333333333333333,0.16704008315167004,-0.15873177310624295,0.05202512456366682,483
2022-03,2022-02-28,2021-12-31,2021-03-02,2022-02-28,cik:0000723125,MU,Semiconductors,1.6148295755291144,0.39219919266755404,252,cik:0001590955,PAYC,Application Software,1.6900271882046318,0.3951674866067023,252,3,0.3333333333333333,0.20049695521647204,0.19882870488802823,0.025810369304319826,483
2022-04,2022-03-31,2022-03-31,2021-04-05,2022-03-31,cik:0000723125,MU,Semiconductors,1.6711422476795594,0.41024763019558247,252,cik:0000701985,BBWI,Specialty Stores,1.6855846008744302,0.4079988102538164,252,1,0.3333333333333333,0.039629105143653566,0.03494424751712397,-0.018691322584256157,485
2022-04,2022-03-31,2022-03-31,2021-04-05,2022-03-31,cik:0000723125,MU,Semiconductors,1.6711422476795594,0.41024763019558247,252,cik:0001373715,NOW,Systems Software,1.712027491736957,0.40852458836241745,252,2,0.3333333333333333,0.09995455065771407,0.09892460521233673,-0.01431204670090371,485
2022-04,2022-03-31,2022-03-31,2021-04-05,2022-03-31,cik:0000723125,MU,Semiconductors,1.6711422476795594,0.41024763019558247,252,cik:0001590955,PAYC,Application Software,1.6388551791875814,0.40005113754020843,252,3,0.3333333333333333,0.11587759908267979,-0.07812073958880303,-0.08558485856309336,485
2022-05,2022-04-29,2022-03-31,2021-05-03,2022-04-29,cik:0000723125,MU,Semiconductors,1.5796228690600722,0.4129512158282906,252,cik:0000701985,BBWI,Specialty Stores,1.5684315618599876,0.4179803682570252,252,1,0.3333333333333333,0.05083966315703674,-0.028593505313081944,0.0420366840251668,482
2022-05,2022-04-29,2022-03-31,2021-05-03,2022-04-29,cik:0000723125,MU,Semiconductors,1.5796228690600722,0.4129512158282906,252,cik:0001116132,TPR,"Apparel, Accessories & Luxury Goods",1.5605872224869146,0.4157530718978178,252,2,0.3333333333333333,0.05400779141497471,-0.048635592938009474,0.02348234726537486,482
2022-05,2022-04-29,2022-03-31,2021-05-03,2022-04-29,cik:0000723125,MU,Semiconductors,1.5796228690600722,0.4129512158282906,252,cik:0001590955,PAYC,Application Software,1.6348232622512922,0.41676864845702855,252,3,0.3333333333333333,0.14461034602404943,0.14103560091580905,0.03195483455616616,482
2022-06,2022-05-31,2022-03-31,2021-06-02,2022-05-31,cik:0000723125,MU,Semiconductors,1.5293792429843642,0.426859253751292,252,cik:0000815094,ABMD,Health Care Equipment,1.5604270368254363,0.431386993974075,252,1,0.3333333333333333,0.08772546334027667,0.07993582702815072,0.03613890529044558,482
2022-06,2022-05-31,2022-03-31,2021-06-02,2022-05-31,cik:0000723125,MU,Semiconductors,1.5293792429843642,0.426859253751292,252,cik:0000769397,ADSK,Application Software,1.5714560486088471,0.41618855276999595,252,2,0.3333333333333333,0.13875927169414998,0.108331183642633,-0.0867092274886419,482
2022-06,2022-05-31,2022-03-31,2021-06-02,2022-05-31,cik:0000723125,MU,Semiconductors,1.5293792429843642,0.426859253751292,252,cik:0001596532,ANET,Communications Equipment,1.4871743878028019,0.4102521942151798,252,3,0.3333333333333333,0.1740118003056384,-0.1086608607623063,-0.13591513522784743,482
2022-07,2022-06-30,2022-06-30,2021-07-01,2022-06-30,cik:0000723125,MU,Semiconductors,1.5204466903006626,0.44290457254546345,252,cik:0000815094,ABMD,Health Care Equipment,1.5233110306877948,0.4485788375358025,252,1,0.3333333333333333,0.04475768069444131,0.007532111007251767,0.04411935272553306,482
2022-07,2022-06-30,2022-06-30,2021-07-01,2022-06-30,cik:0000723125,MU,Semiconductors,1.5204466903006626,0.44290457254546345,252,cik:0001521332,APTV,Auto Parts & Equipment,1.5485138717938551,0.43129599332637464,252,2,0.3333333333333333,0.11798464946426071,0.07380586735330937,-0.09204928817448932,482
2022-07,2022-06-30,2022-06-30,2021-07-01,2022-06-30,cik:0000723125,MU,Semiconductors,1.5204466903006626,0.44290457254546345,252,cik:0000769397,ADSK,Application Software,1.6006740978139358,0.4470377758036289,252,3,0.3333333333333333,0.2134092269719113,0.21096715387901296,0.032192516846895086,482
2022-08,2022-07-29,2022-06-30,2021-07-30,2022-07-29,cik:0000723125,MU,Semiconductors,1.5061395813504048,0.44669060434882607,252,cik:0001596532,ANET,Communications Equipment,1.4969285012066877,0.4355293027348482,252,1,0.3333333333333333,0.09122649141826898,-0.02390856245530147,-0.08803779516666949,482
2022-08,2022-07-29,2022-06-30,2021-07-30,2022-07-29,cik:0000723125,MU,Semiconductors,1.5061395813504048,0.44669060434882607,252,cik:0000815094,ABMD,Health Care Equipment,1.5337881400245685,0.4542693766196441,252,2,0.3333333333333333,0.09260973045540428,0.07176544786782767,0.05853445709454173,482
2022-08,2022-07-29,2022-06-30,2021-07-30,2022-07-29,cik:0000723125,MU,Semiconductors,1.5061395813504048,0.44669060434882607,252,cik:0001108524,CRM,Application Software,1.551482409480677,0.43035366302579814,252,3,0.3333333333333333,0.1750879364309921,0.11769323698611713,-0.1296305806952696,482
2022-09,2022-08-31,2022-06-30,2021-09-01,2022-08-31,cik:0000723125,MU,Semiconductors,1.5549762499469848,0.4543326069002432,252,cik:0000815094,ABMD,Health Care Equipment,1.5488372385444458,0.45852406335430035,252,1,0.3333333333333333,0.03586662210732285,-0.016049785572381757,0.03207520794118203,482
2022-09,2022-08-31,2022-06-30,2021-09-01,2022-08-31,cik:0000723125,MU,Semiconductors,1.5549762499469848,0.4543326069002432,252,cik:0001108524,CRM,Application Software,1.554665985367545,0.43877770791064974,252,2,0.3333333333333333,0.12168014583474242,-0.000811153399821544,-0.12167744211860364,482
2022-09,2022-08-31,2022-06-30,2021-09-01,2022-08-31,cik:0000723125,MU,Semiconductors,1.5549762499469848,0.4543326069002432,252,cik:0000789570,MGM,Casinos & Gaming,1.5130457899850072,0.4687651638518702,252,3,0.3333333333333333,0.15475123913639344,-0.10962268144065418,0.10922826432755434,482
2022-10,2022-09-30,2022-09-30,2021-10-01,2022-09-30,cik:0000723125,MU,Semiconductors,1.5190010781822838,0.4626962437931046,252,cik:0000815094,ABMD,Health Care Equipment,1.4946184000189664,0.4608194449156681,252,1,0.3333333333333333,0.06811978360442554,-0.06656910390595631,-0.014451966076342493,481
2022-10,2022-09-30,2022-09-30,2021-10-01,2022-09-30,cik:0000723125,MU,Semiconductors,1.5190010781822838,0.4626962437931046,252,cik:0000789570,MGM,Casinos & Gaming,1.516870945209517,0.4749189024357712,252,2,0.3333333333333333,0.09289051583425835,-0.005815646757415979,0.09270828541585459,481
2022-10,2022-09-30,2022-09-30,2021-10-01,2022-09-30,cik:0000723125,MU,Semiconductors,1.5190010781822838,0.4626962437931046,252,cik:0000796343,ADBE,Application Software,1.504554619431236,0.44674076417525116,252,3,0.3333333333333333,0.13086228198732822,-0.039441434908427137,-0.1247770413950231,481
2022-11,2022-10-31,2022-09-30,2021-11-01,2022-10-31,cik:0000723125,MU,Semiconductors,1.483712174371353,0.47821405047482435,252,cik:0000789570,MGM,Casinos & Gaming,1.504174007945683,0.4792585277709235,252,1,0.3333333333333333,0.05979566180767199,0.059265048596418166,0.007948281945280768,478
2022-11,2022-10-31,2022-09-30,2021-11-01,2022-10-31,cik:0000723125,MU,Semiconductors,1.483712174371353,0.47821405047482435,252,cik:0000815094,ABMD,Health Care Equipment,1.4454403248417889,0.46928525416497857,252,2,0.3333333333333333,0.13039289378740038,-0.11084945119922919,-0.0686637161758813,478
2022-11,2022-10-31,2022-09-30,2021-11-01,2022-10-31,cik:0000723125,MU,Semiconductors,1.483712174371353,0.47821405047482435,252,cik:0000769397,ADSK,Application Software,1.523592937890679,0.46851986296881215,252,3,0.3333333333333333,0.13751051066751022,0.1155094620161634,-0.07461035269167374,478
2022-12,2022-11-30,2022-09-30,2021-12-01,2022-11-30,cik:0000723125,MU,Semiconductors,1.4870778110863976,0.4866645475623344,252,cik:0000789570,MGM,Casinos & Gaming,1.4902282210917366,0.49186340772982584,252,1,0.3333333333333333,0.03892336805328884,0.008948145347055616,0.03788085631898721,479
2022-12,2022-11-30,2022-09-30,2021-12-01,2022-11-30,cik:0000723125,MU,Semiconductors,1.4870778110863976,0.4866645475623344,252,cik:0000796343,ADBE,Application Software,1.4833096480313075,0.47254564288481365,252,2,0.3333333333333333,0.10549839452987628,-0.01070275635590582,-0.10495409594088048,479
2022-12,2022-11-30,2022-09-30,2021-12-01,2022-11-30,cik:0000723125,MU,Semiconductors,1.4870778110863976,0.4866645475623344,252,cik:0001108524,CRM,Application Software,1.5113379823148152,0.47571225615915114,252,3,0.3333333333333333,0.10645438790633996,0.06890644009143132,-0.08114455754047517,479
2023-01,2022-12-30,2022-09-30,2021-12-31,2022-12-30,cik:0000723125,MU,Semiconductors,1.4693820341851935,0.47276755809314397,252,cik:0000789570,MGM,Casinos & Gaming,1.4750445742527243,0.4806346140187637,252,1,0.3333333333333333,0.06105755026259286,0.01622306136531909,0.058862863708845706,477
2023-01,2022-12-30,2022-09-30,2021-12-31,2022-12-30,cik:0000723125,MU,Semiconductors,1.4693820341851935,0.47276755809314397,252,cik:0001108524,CRM,Application Software,1.4926519571270829,0.4712830811893204,252,2,0.3333333333333333,0.06760489686330208,0.06666785282759806,-0.011216928245087325,477
2023-01,2022-12-30,2022-09-30,2021-12-31,2022-12-30,cik:0000723125,MU,Semiconductors,1.4693820341851935,0.47276755809314397,252,cik:0000877212,ZBRA,Electronic Equipment & Instruments,1.4866726366592966,0.4631740503607947,252,3,0.3333333333333333,0.08832071044274101,0.04953722210093465,-0.07312052734788756,477
2023-02,2023-01-31,2022-12-31,2022-01-31,2023-01-31,cik:0000723125,MU,Semiconductors,1.4702320997629816,0.4769417798935016,252,cik:0001108524,CRM,Application Software,1.4706683316961926,0.4699368703745549,252,1,0.3333333333333333,0.05288960620330409,0.0012678186105472917,-0.05287440855755582,482
2023-02,2023-01-31,2022-12-31,2022-01-31,2023-01-31,cik:0000723125,MU,Semiconductors,1.4702320997629816,0.4769417798935016,252,cik:0000789570,MGM,Casinos & Gaming,1.4952889048028044,0.48565091013516215,252,2,0.3333333333333333,0.09738970162310087,0.0728224628502373,0.06466562368571438,482
2023-02,2023-01-31,2022-12-31,2022-01-31,2023-01-31,cik:0000723125,MU,Semiconductors,1.4702320997629816,0.4769417798935016,252,cik:0000877212,ZBRA,Electronic Equipment & Instruments,1.5039036700100692,0.47165789604988345,252,3,0.3333333333333333,0.10564756241833759,0.09785951040169136,-0.03981109981999739,482
2023-03,2023-02-28,2022-12-31,2022-02-28,2023-02-28,cik:0000723125,MU,Semiconductors,1.4823292931397927,0.4683854352214023,252,cik:0000037996,F,Automobile Manufacturers,1.449054114382961,0.4655121385257462,252,1,0.3333333333333333,0.09960533781855453,-0.09716186182250969,-0.021927059290563888,482
2023-03,2023-02-28,2022-12-31,2022-02-28,2023-02-28,cik:0000723125,MU,Semiconductors,1.4823292931397927,0.4683854352214023,252,cik:0000877212,ZBRA,Electronic Equipment & Instruments,1.51764660700886,0.46869705047576465,252,2,0.3333333333333333,0.1031520231693805,0.10312479446512349,0.0023699473543621363,482
2023-03,2023-02-28,2022-12-31,2022-02-28,2023-02-28,cik:0000723125,MU,Semiconductors,1.4823292931397927,0.4683854352214023,252,cik:0000789570,MGM,Casinos & Gaming,1.4610457969741666,0.47935053822737156,252,3,0.3333333333333333,0.10325620803397925,-0.06214674693880966,0.0824598468497241,482
2023-04,2023-03-31,2023-03-31,2022-03-31,2023-03-31,cik:0000723125,MU,Semiconductors,1.3599975243401372,0.4349928741804397,252,cik:0001467858,GM,Automobile Manufacturers,1.365328184398888,0.42938616335031315,252,1,0.3333333333333333,0.049636020137771526,0.016541158286219895,-0.046798766839175145,481
2023-04,2023-03-31,2023-03-31,2022-03-31,2023-03-31,cik:0000723125,MU,Semiconductors,1.3599975243401372,0.4349928741804397,252,cik:0000927628,COF,Consumer Finance,1.3887353529481878,0.43051164372799366,252,2,0.3333333333333333,0.09668231184949003,0.08917412976422623,-0.03735564221580164,481
2023-04,2023-03-31,2023-03-31,2022-03-31,2023-03-31,cik:0000723125,MU,Semiconductors,1.3599975243401372,0.4349928741804397,252,cik:0001601712,SYF,Consumer Finance,1.3746699502888582,0.4471705665377497,252,3,0.3333333333333333,0.10951451884004282,0.045528868355095856,0.09960196776705993,481
2023-05,2023-04-28,2023-03-31,2022-04-28,2023-04-28,cik:0000723125,MU,Semiconductors,1.3663731383823927,0.443983519046888,252,cik:0001601712,SYF,Consumer Finance,1.3967865856849135,0.4405342400538636,252,1,0.3333333333333333,0.09846653492467751,0.09438257659467429,-0.028063993575811283,481
2023-05,2023-04-28,2023-03-31,2022-04-28,2023-04-28,cik:0000723125,MU,Semiconductors,1.3663731383823927,0.443983519046888,252,cik:0001108524,CRM,Application Software,1.4023786190864946,0.4466229295086833,252,2,0.3333333333333333,0.1137537197288659,0.11173643048682938,0.021327889117662858,481
2023-05,2023-04-28,2023-03-31,2022-04-28,2023-04-28,cik:0000723125,MU,Semiconductors,1.3663731383823927,0.443983519046888,252,cik:0000789570,MGM,Casinos & Gaming,1.3995075206437182,0.4512895590760606,252,3,0.3333333333333333,0.11841675853710652,0.10282650107334466,0.058730225433322146,481
2023-06,2023-05-31,2023-03-31,2022-05-31,2023-05-31,cik:0000723125,MU,Semiconductors,1.3777594356446183,0.43640352851794184,252,cik:0001262039,FTNT,Systems Software,1.3849697458812924,0.4427515528887384,252,1,0.3333333333333333,0.056587540800190704,0.02187355610659578,0.05218905361342409,480
2023-06,2023-05-31,2023-03-31,2022-05-31,2023-05-31,cik:0000723125,MU,Semiconductors,1.3777594356446183,0.43640352851794184,252,cik:0000851968,MHK,Home Furnishings,1.3616075117068454,0.43290529940576944,252,2,0.3333333333333333,0.05698149643019722,-0.04899928059757289,-0.0290854162140564,480
2023-06,2023-05-31,2023-03-31,2022-05-31,2023-05-31,cik:0000723125,MU,Semiconductors,1.3777594356446183,0.43640352851794184,252,cik:0000093556,SWK,Industrial Machinery & Supplies & Components,1.3601169470253798,0.42973617182973045,252,3,0.3333333333333333,0.07720182174773638,-0.05352113182454406,-0.05563820386559076,480
2023-07,2023-06-30,2023-06-30,2022-06-30,2023-06-30,cik:0000723125,MU,Semiconductors,1.3233410061839779,0.4163777597404109,252,cik:0000092230,TFC,Regional Banks,1.3252733651602495,0.4167476723589658,252,1,0.3333333333333333,0.006686937505775295,0.005852530983327797,0.0032346582965334233,481
2023-07,2023-06-30,2023-06-30,2022-06-30,2023-06-30,cik:0000723125,MU,Semiconductors,1.3233410061839779,0.4163777597404109,252,cik:0001262039,FTNT,Systems Software,1.3538250386459507,0.42815692299901786,252,2,0.3333333333333333,0.13729601846789125,0.09232691579113018,0.10161661924918132,481
2023-07,2023-06-30,2023-06-30,2022-06-30,2023-06-30,cik:0000723125,MU,Semiconductors,1.3233410061839779,0.4163777597404109,252,cik:0001137789,STX,"Technology Hardware, Storage & Peripherals",1.3704028845252962,0.4073242272569012,252,3,0.3333333333333333,0.16348948909198335,0.14253619772946904,-0.08007649705365145,481
2023-08,2023-07-31,2023-06-30,2022-07-29,2023-07-31,cik:0000723125,MU,Semiconductors,1.3180428218100795,0.4096165485333074,252,cik:0000006201,AAL,Passenger Airlines,1.3038115906606684,0.40772646991060946,252,1,0.3333333333333333,0.04688987097842346,-0.04369103693430264,-0.017022141227783342,481
2023-08,2023-07-31,2023-06-30,2022-07-29,2023-07-31,cik:0000723125,MU,Semiconductors,1.3180428218100795,0.4096165485333074,252,cik:0001262039,FTNT,Systems Software,1.2996955503315886,0.4122803125192347,252,2,0.3333333333333333,0.061171578296019116,-0.056327615467309584,0.023857110617023655,481
2023-08,2023-07-31,2023-06-30,2022-07-29,2023-07-31,cik:0000723125,MU,Semiconductors,1.3180428218100795,0.4096165485333074,252,cik:0001633917,PYPL,Transaction & Payment Processing Services,1.3456250475770501,0.4041767216563389,252,3,0.3333333333333333,0.09793797938118608,0.08467967613363245,-0.04920569332071999,481
2023-09,2023-08-31,2023-06-30,2022-08-31,2023-08-31,cik:0000723125,MU,Semiconductors,1.2881332201787865,0.40228041163306827,252,cik:0000006201,AAL,Passenger Airlines,1.2743620716556123,0.395534555507134,252,1,0.3333333333333333,0.07510042584303912,-0.04221094653923623,-0.06211529565306406,481
2023-09,2023-08-31,2023-06-30,2022-08-31,2023-08-31,cik:0000723125,MU,Semiconductors,1.2881332201787865,0.40228041163306827,252,cik:0001137789,STX,"Technology Hardware, Storage & Peripherals",1.2860155203880639,0.38951359890196247,252,2,0.3333333333333333,0.11863484988415766,-0.006491115283661219,-0.11845713583153547,481
2023-09,2023-08-31,2023-06-30,2022-08-31,2023-08-31,cik:0000723125,MU,Semiconductors,1.2881332201787865,0.40228041163306827,252,cik:0000035527,FITB,Regional Banks,1.290167531072952,0.3863191906597889,252,3,0.3333333333333333,0.14883451732626543,0.006235513926329259,-0.14870383960684055,481
2023-10,2023-09-29,2023-06-30,2022-09-29,2023-09-29,cik:0000723125,MU,Semiconductors,1.295830697348432,0.3958211703214439,252,cik:0001137789,STX,"Technology Hardware, Storage & Peripherals",1.3080890431644745,0.39960779389136486,252,1,0.3333333333333333,0.050232213612745893,0.03624374579281096,0.03478025553877705,481
2023-10,2023-09-29,2023-06-30,2022-09-29,2023-09-29,cik:0000723125,MU,Semiconductors,1.295830697348432,0.3958211703214439,252,cik:0000035527,FITB,Regional Banks,1.2995592994782181,0.3807668270223217,252,2,0.3333333333333333,0.14207435235888466,0.011024204226450215,-0.14164599718795456,481
2023-10,2023-09-29,2023-06-30,2022-09-29,2023-09-29,cik:0000723125,MU,Semiconductors,1.295830697348432,0.3958211703214439,252,cik:0000759944,CFG,Regional Banks,1.245013032002393,0.3881861600169339,252,3,0.3333333333333333,0.1662459002450139,-0.15025049645569352,-0.07115116065878856,481
2023-11,2023-10-31,2023-09-30,2022-10-31,2023-10-31,cik:0000723125,MU,Semiconductors,1.3344726390198847,0.37711488166688883,252,cik:0001001250,EL,Personal Care Products,1.3427178795199335,0.3812827636671331,252,1,0.3333333333333333,0.04507760382731067,0.02140944181556142,0.03966895723305648,480
2023-11,2023-10-31,2023-09-30,2022-10-31,2023-10-31,cik:0000723125,MU,Semiconductors,1.3344726390198847,0.37711488166688883,252,cik:0000759944,CFG,Regional Banks,1.3263751727027575,0.38498871637271975,252,2,0.3333333333333333,0.07748604406529623,-0.02102573405457072,0.07457885445858962,480
2023-11,2023-10-31,2023-09-30,2022-10-31,2023-10-31,cik:0000723125,MU,Semiconductors,1.3344726390198847,0.37711488166688883,252,cik:0001037540,BXP,Office REITs,1.3016187860180841,0.3806823207994973,252,3,0.3333333333333333,0.091826508856116,-0.08530771834428502,0.033980890506201955,480
2023-12,2023-11-30,2023-09-30,2022-11-30,2023-11-30,cik:0000723125,MU,Semiconductors,1.2705588678914999,0.3573234524342224,252,cik:0000006201,AAL,Passenger Airlines,1.2684614870006785,0.3609221960345848,252,1,0.3333333333333333,0.03681085143622509,-0.00574483911642077,0.03635980757630981,480
2023-12,2023-11-30,2023-09-30,2022-11-30,2023-11-30,cik:0000723125,MU,Semiconductors,1.2705588678914999,0.3573234524342224,252,cik:0000049196,HBAN,Regional Banks,1.3143790920749439,0.3578015733519581,252,2,0.3333333333333333,0.12012397070966409,0.12002595192940563,0.004851721601271559,480
2023-12,2023-11-30,2023-09-30,2022-11-30,2023-11-30,cik:0000723125,MU,Semiconductors,1.2705588678914999,0.3573234524342224,252,cik:0001091667,CHTR,Cable & Satellite,1.214462165986455,0.35202915128031037,252,3,0.3333333333333333,0.16291845339583758,-0.15365188498503796,-0.05416198572279608,480
2024-01,2023-12-29,2023-09-30,2022-12-29,2023-12-29,cik:0000723125,MU,Semiconductors,1.3449270884929554,0.36181917548531617,252,cik:0001100682,CRL,Life Sciences Tools & Services,1.3259746033211581,0.35306178766392043,252,1,0.3333333333333333,0.10115886617471004,-0.048529138293577856,-0.08875831759466653,480
2024-01,2023-12-29,2023-09-30,2022-12-29,2023-12-29,cik:0000723125,MU,Semiconductors,1.3449270884929554,0.36181917548531617,252,cik:0000006201,AAL,Passenger Airlines,1.3269236074309017,0.35194048712699105,252,2,0.3333333333333333,0.1103700242116553,-0.04609914817537164,-0.10028165725588357,480
2024-01,2023-12-29,2023-09-30,2022-12-29,2023-12-29,cik:0000723125,MU,Semiconductors,1.3449270884929554,0.36181917548531617,252,cik:0001022671,STLD,Steel,1.312844117502779,0.3708664802866409,252,3,0.3333333333333333,0.12146332409534913,-0.08215064789329009,0.08946848691581016,480
2024-02,2024-01-31,2023-12-31,2023-01-31,2024-01-31,cik:0000723125,MU,Semiconductors,1.2791884345482085,0.3507300721003341,252,cik:0001022671,STLD,Steel,1.254243021311831,0.3513572082684368,252,1,0.3333333333333333,0.06210733742059486,-0.061770998451500955,0.006454851801574476,480
2024-02,2024-01-31,2023-12-31,2023-01-31,2024-01-31,cik:0000723125,MU,Semiconductors,1.2791884345482085,0.3507300721003341,252,cik:0001393612,DFS,Consumer Finance,1.3120788885104941,0.3553605651277234,252,2,0.3333333333333333,0.0942289673236661,0.08144487972685668,0.04739018726658909,480
2024-02,2024-01-31,2023-12-31,2023-01-31,2024-01-31,cik:0000723125,MU,Semiconductors,1.2791884345482085,0.3507300721003341,252,cik:0000046080,HAS,Leisure Products,1.3160065965254235,0.3482939266351434,252,3,0.3333333333333333,0.09458524707855626,0.09117085393338306,-0.025184208503926955,480
2024-03,2024-02-29,2023-12-31,2023-03-01,2024-02-29,cik:0000723125,MU,Semiconductors,1.2918701041854148,0.35063848748859144,252,cik:0000037996,F,Automobile Manufacturers,1.2924330080190285,0.34073942567836774,252,1,0.3333333333333333,0.10308957235851662,0.0014221657501963035,-0.10307976219239548,481
2024-03,2024-02-29,2023-12-31,2023-03-01,2024-02-29,cik:0000723125,MU,Semiconductors,1.2918701041854148,0.35063848748859144,252,cik:0001022671,STLD,Steel,1.3396709439315906,0.35075596237413226,252,2,0.3333333333333333,0.12077392444888232,0.12076790573838624,0.001205723993538298,481
2024-03,2024-02-29,2023-12-31,2023-03-01,2024-02-29,cik:0000723125,MU,Semiconductors,1.2918701041854148,0.35063848748859144,252,cik:0000046080,HAS,Leisure Products,1.2538931842943581,0.34191622553741546,252,3,0.3333333333333333,0.13201152995920715,-0.09594796045406931,-0.09066991191610918,481
2024-04,2024-03-28,2023-12-31,2023-03-29,2024-03-28,cik:0000723125,MU,Semiconductors,1.3974123399367462,0.38285597518933384,252,cik:0000106040,WDC,"Technology Hardware, Storage & Peripherals",1.4248312506843177,0.37378698876688393,252,1,0.3333333333333333,0.10927410407672578,0.06796924051185517,-0.08556291349651834,481
2024-04,2024-03-28,2023-12-31,2023-03-29,2024-03-28,cik:0000723125,MU,Semiconductors,1.3974123399367462,0.38285597518933384,252,cik:0000006201,AAL,Passenger Airlines,1.4625560710414718,0.36719656846869203,252,2,0.3333333333333333,0.21976084820545747,0.1614859892889392,-0.14905403606529657,481
2024-04,2024-03-28,2023-12-31,2023-03-29,2024-03-28,cik:0000723125,MU,Semiconductors,1.3974123399367462,0.38285597518933384,252,cik:0001170010,KMX,Automotive Retail,1.4864323490641471,0.3878433997644645,252,3,0.3333333333333333,0.2254566304529817,0.22067333259340932,0.04619494017022763,481
2024-05,2024-04-30,2024-03-31,2023-05-01,2024-04-30,cik:0000723125,MU,Semiconductors,1.5047537581547907,0.37624348348307585,252,cik:0001543151,UBER,Passenger Ground Transportation,1.518545923379268,0.3619261175389297,252,1,0.3333333333333333,0.13908042595886197,0.032937661992901913,-0.13512392573981793,481
2024-05,2024-04-30,2024-03-31,2023-05-01,2024-04-30,cik:0000723125,MU,Semiconductors,1.5047537581547907,0.37624348348307585,252,cik:0000106040,WDC,"Technology Hardware, Storage & Peripherals",1.4517984418386376,0.3615020416674076,252,2,0.3333333333333333,0.18807454359666043,-0.12646486473734705,-0.13920729842956023,481
2024-05,2024-04-30,2024-03-31,2023-05-01,2024-04-30,cik:0000723125,MU,Semiconductors,1.5047537581547907,0.37624348348307585,252,cik:0000759944,CFG,Regional Banks,1.5876962483039103,0.38482828061633384,252,3,0.3333333333333333,0.21309480345828946,0.1980785221839485,0.07857667790349777,481
2024-06,2024-05-31,2024-03-31,2023-06-01,2024-05-31,cik:0000723125,MU,Semiconductors,1.490154316434785,0.3650548913088296,252,cik:0001633917,PYPL,Transaction & Payment Processing Services,1.5200204212403823,0.35378001121659625,252,1,0.3333333333333333,0.13188000070915565,0.07190258027654708,-0.11055475356863492,480
2024-06,2024-05-31,2024-03-31,2023-06-01,2024-05-31,cik:0000723125,MU,Semiconductors,1.490154316434785,0.3650548913088296,252,cik:0000759944,CFG,Regional Banks,1.4384704885553399,0.34905871821858797,252,2,0.3333333333333333,0.2010341266122283,-0.12442869960077911,-0.15789939448395776,480
2024-06,2024-05-31,2024-03-31,2023-06-01,2024-05-31,cik:0000723125,MU,Semiconductors,1.490154316434785,0.3650548913088296,252,cik:0001725057,DAY,Human Resource & Employment Services,1.4684261865069312,0.3430930293415851,252,3,0.3333333333333333,0.22481744771656328,-0.052310424026368395,-0.2186469856548935,480
2024-07,2024-06-28,2024-03-31,2023-06-29,2024-06-28,cik:0000723125,MU,Semiconductors,1.6282801009881387,0.387638522419728,252,cik:0001037540,BXP,Office REITs,1.6519332898986496,0.38078701744727106,252,1,0.3333333333333333,0.08359595459255625,0.055562743805276614,-0.06245850722735794,480
2024-07,2024-06-28,2024-03-31,2023-06-29,2024-06-28,cik:0000723125,MU,Semiconductors,1.6282801009881387,0.387638522419728,252,cik:0000028412,CMA,Diversified Banks,1.5172275577162035,0.3727022529608158,252,2,0.3333333333333333,0.2949445061232204,-0.2608690115353093,-0.13762129382061863,480
2024-07,2024-06-28,2024-03-31,2023-06-29,2024-06-28,cik:0000723125,MU,Semiconductors,1.6282801009881387,0.387638522419728,252,cik:0000877212,ZBRA,Electronic Equipment & Instruments,1.4671343329400128,0.39409058507886513,252,3,0.3333333333333333,0.38293074380953585,-0.3785409679531087,0.05781600241842999,480
2024-08,2024-07-31,2024-06-30,2023-08-01,2024-07-31,cik:0000723125,MU,Semiconductors,1.8616465845513221,0.40677655683522507,252,cik:0001590895,CZR,Casinos & Gaming,1.98472569053928,0.43538599760957,252,1,0.3333333333333333,0.3681107139673673,0.28228432811797627,0.23626480024867771,479
2024-08,2024-07-31,2024-06-30,2023-08-01,2024-07-31,cik:0000723125,MU,Semiconductors,1.8616465845513221,0.40677655683522507,252,cik:0001596532,ANET,Communications Equipment,1.9566896781758913,0.4459841588947754,252,2,0.3333333333333333,0.38707984897356146,0.21798318740380193,0.3198658148203308,479
2024-08,2024-07-31,2024-06-30,2023-08-01,2024-07-31,cik:0000723125,MU,Semiconductors,1.8616465845513221,0.40677655683522507,252,cik:0001326801,META,Interactive Media & Services,1.7982237131838346,0.3656155491334945,252,3,0.3333333333333333,0.3983416770094092,-0.14546159145026397,-0.370832869437736,479
2024-09,2024-08-30,2024-06-30,2023-08-31,2024-08-30,cik:0000723125,MU,Semiconductors,1.9371188072827912,0.42770983318234695,252,cik:0001596532,ANET,Communications Equipment,1.9610898292880359,0.40567403064949087,252,1,0.3333333333333333,0.1920726864594641,0.05489001442847512,-0.18406249808094366,479
2024-09,2024-08-30,2024-06-30,2023-08-31,2024-08-30,cik:0000723125,MU,Semiconductors,1.9371188072827912,0.42770983318234695,252,cik:0001590895,CZR,Casinos & Gaming,2.05974164540418,0.4535156007235449,252,2,0.3333333333333333,0.3469885933860678,0.28078775082142765,0.20386103828021127,479
2024-09,2024-08-30,2024-06-30,2023-08-31,2024-08-30,cik:0000723125,MU,Semiconductors,1.9371188072827912,0.42770983318234695,252,cik:0001316835,BLDR,Building Products,2.0146836683066147,0.46729980408297705,252,3,0.3333333333333333,0.35558510990695974,0.1776117989382689,0.3080500272122315,479
2024-10,2024-09-30,2024-09-30,2023-09-29,2024-09-30,cik:0000723125,MU,Semiconductors,2.0544479848686934,0.4674619366883992,252,cik:0001590895,CZR,Casinos & Gaming,2.026616452421234,0.45148100162064697,252,1,0.3333333333333333,0.13313827599837985,-0.06014008549080718,-0.1187811881274942,479
2024-10,2024-09-30,2024-09-30,2023-09-29,2024-09-30,cik:0000723125,MU,Semiconductors,2.0544479848686934,0.4674619366883992,252,cik:0001316835,BLDR,Building Products,1.8961456131987577,0.4554412101527636,252,2,0.3333333333333333,0.35344762358713083,-0.3420694919907843,-0.08895889651157382,479
2024-10,2024-09-30,2024-09-30,2023-09-29,2024-09-30,cik:0000723125,MU,Semiconductors,2.0544479848686934,0.4674619366883992,252,cik:0001596532,ANET,Communications Equipment,2.122746094459803,0.4175934791308908,252,3,0.3333333333333333,0.412520472753482,0.14758275195316428,-0.38521743440125744,479
2024-11,2024-10-31,2024-09-30,2023-11-01,2024-10-31,cik:0000723125,MU,Semiconductors,2.1858277690925556,0.47575252828811004,252,cik:0001590895,CZR,Casinos & Gaming,1.9805647643698,0.45224639686963286,252,1,0.3333333333333333,0.4767516754139634,-0.44606138582270694,-0.16828963155211704,479
2024-11,2024-10-31,2024-09-30,2023-11-01,2024-10-31,cik:0000723125,MU,Semiconductors,2.1858277690925556,0.47575252828811004,252,cik:0001318605,TSLA,Automobile Manufacturers,2.1423906857517276,0.5834007239286835,252,2,0.3333333333333333,0.6840002705337271,-0.0943940463956296,0.6774556325659059,479
2024-11,2024-10-31,2024-09-30,2023-11-01,2024-10-31,cik:0000723125,MU,Semiconductors,2.1858277690925556,0.47575252828811004,252,cik:0000915913,ALB,Specialty Chemicals,2.157254389074295,0.587105539864011,252,3,0.3333333333333333,0.701234660993177,-0.06209341769014446,0.6984801051266766,479
2024-12,2024-11-29,2024-09-30,2023-11-30,2024-11-29,cik:0000723125,MU,Semiconductors,2.2613610323766182,0.4858878708816603,252,cik:0001596532,ANET,Communications Equipment,2.201585100347572,0.398533860651526,252,1,0.3333333333333333,0.6710297228386684,-0.12849533023256307,-0.6586120550379903,478
2024-12,2024-11-29,2024-09-30,2023-11-30,2024-11-29,cik:0000723125,MU,Semiconductors,2.2613610323766182,0.4858878708816603,252,cik:0001571996,DELL,"Technology Hardware, Storage & Peripherals",2.1981893913065638,0.6004952802891872,252,2,0.3333333333333333,0.7167605872432246,-0.13579480244131176,0.7037794477357073,478
2024-12,2024-11-29,2024-09-30,2023-11-30,2024-11-29,cik:0000723125,MU,Semiconductors,2.2613610323766182,0.4858878708816603,252,cik:0001318605,TSLA,Automobile Manufacturers,2.282157310561406,0.6134878578167203,252,3,0.3333333333333333,0.7762034778239856,0.04470402287770424,0.774915085234892,478
2025-01,2024-12-31,2024-12-31,2024-01-02,2024-12-31,cik:0000723125,MU,Semiconductors,2.2064170416670046,0.5162998958159651,252,cik:0001571996,DELL,"Technology Hardware, Storage & Peripherals",2.1799503828324602,0.60069952735474,252,1,0.3333333333333333,0.5004894156028955,-0.056959194725645756,0.49723767482636894,481
2025-01,2024-12-31,2024-12-31,2024-01-02,2024-12-31,cik:0000723125,MU,Semiconductors,2.2064170416670046,0.5162998958159651,252,cik:0001692819,VST,Electric Utilities,1.9838516185501627,0.5653951345191328,252,2,0.3333333333333333,0.5642883878307788,-0.47898555513783597,0.2983189947186712,481
2025-01,2024-12-31,2024-12-31,2024-01-02,2024-12-31,cik:0000723125,MU,Semiconductors,2.2064170416670046,0.5162998958159651,252,cik:0001535527,CRWD,Systems Software,1.9181795971570532,0.47185345813017227,252,3,0.3333333333333333,0.6871643807396494,-0.6203190524236597,-0.29563348822066604,481
2025-02,2025-01-31,2024-12-31,2024-01-31,2025-01-31,cik:0000723125,MU,Semiconductors,2.2517978312376754,0.548187778389182,252,cik:0001996810,GEV,Heavy Electrical Equipment,2.2298936368958935,0.5411778619459892,212,1,0.3333333333333333,0.06313494878537594,-0.04668450489677503,-0.04250386759666737,483
2025-02,2025-01-31,2024-12-31,2024-01-31,2025-01-31,cik:0000723125,MU,Semiconductors,2.2517978312376754,0.548187778389182,252,cik:0001571996,DELL,"Technology Hardware, Storage & Peripherals",2.1627193346208218,0.6068523542484235,252,2,0.3333333333333333,0.38572366632284333,-0.1898533881967264,0.3357654505034121,483
2025-02,2025-01-31,2024-12-31,2024-01-31,2025-01-31,cik:0000723125,MU,Semiconductors,2.2517978312376754,0.548187778389182,252,cik:0001596532,ANET,Communications Equipment,2.354234348436744,0.4745325728793321,252,3,0.3333333333333333,0.5241542926408043,0.21832339570081877,-0.4765213713816471,483
2025-03,2025-02-28,2024-12-31,2024-02-28,2025-02-28,cik:0000723125,MU,Semiconductors,2.396667796186674,0.5610780563968837,252,cik:0001996810,GEV,Heavy Electrical Equipment,2.262241516701482,0.5402367381945764,231,1,0.3333333333333333,0.30576387087745405,-0.2796191740519492,-0.12371201330699508,483
2025-03,2025-02-28,2024-12-31,2024-02-28,2025-02-28,cik:0000723125,MU,Semiconductors,2.396667796186674,0.5610780563968837,252,cik:0001321655,PLTR,Internet Services & Infrastructure,2.3666660366398196,0.6455707309681806,252,2,0.3333333333333333,0.4626820459135854,-0.06240645249369333,0.458454043823297,483
2025-03,2025-02-28,2024-12-31,2024-02-28,2025-02-28,cik:0000723125,MU,Semiconductors,2.396667796186674,0.5610780563968837,252,cik:0001596532,ANET,Communications Equipment,2.337933026590098,0.4853573205218962,252,3,0.3333333333333333,0.48931249657105946,-0.12217378793508296,-0.4738146102033964,483
2025-04,2025-03-31,2025-03-31,2024-03-28,2025-03-31,cik:0000723125,MU,Semiconductors,2.315023904021671,0.5586037741579277,252,cik:0001996810,GEV,Heavy Electrical Equipment,2.255143236486069,0.5513109832094452,252,1,0.3333333333333333,0.12750836686978334,-0.11981234389907179,-0.04362781075426333,483
2025-04,2025-03-31,2025-03-31,2024-03-28,2025-03-31,cik:0000723125,MU,Semiconductors,2.315023904021671,0.5586037741579277,252,cik:0001596532,ANET,Communications Equipment,2.279125858747367,0.49786311083000545,252,2,0.3333333333333333,0.38886052547891736,-0.07182666998747407,-0.3821693835909023,483
2025-04,2025-03-31,2025-03-31,2024-03-28,2025-03-31,cik:0000723125,MU,Semiconductors,2.315023904021671,0.5586037741579277,252,cik:0001571996,DELL,"Technology Hardware, Storage & Peripherals",1.9374956121073932,0.5311246404388483,252,3,0.3333333333333333,0.7737192445746288,-0.7553781780333292,-0.16746724329307616,483
2025-05,2025-04-30,2025-03-31,2024-04-29,2025-04-30,cik:0000723125,MU,Semiconductors,2.162769660660321,0.6324380531976452,252,cik:0001321655,PLTR,Internet Services & Infrastructure,2.091341450968634,0.7215893017758788,252,1,0.3333333333333333,0.4731557368528818,-0.16560672713379632,0.44322766525209806,483
2025-05,2025-04-30,2025-03-31,2024-04-29,2025-04-30,cik:0000723125,MU,Semiconductors,2.162769660660321,0.6324380531976452,252,cik:0001692819,VST,Electric Utilities,2.093108755095667,0.7532784771674479,252,2,0.3333333333333333,0.609468887607061,-0.16150922205014248,0.5876794161392298,483
2025-05,2025-04-30,2025-03-31,2024-04-29,2025-04-30,cik:0000723125,MU,Semiconductors,2.162769660660321,0.6324380531976452,252,cik:0001318605,TSLA,Automobile Manufacturers,2.39005493134322,0.736011376581963,252,3,0.3333333333333333,0.7331602576875318,0.5269622459527279,0.5097398893483859,483
2025-06,2025-05-30,2025-03-31,2024-05-29,2025-05-30,cik:0000723125,MU,Semiconductors,2.1666253301446234,0.6371768476647258,252,cik:0001321655,PLTR,Internet Services & Infrastructure,2.050804588232867,0.7242750963312107,252,1,0.3333333333333333,0.5084960199541053,-0.2644359759190835,0.43432915737823513,482
2025-06,2025-05-30,2025-03-31,2024-05-29,2025-05-30,cik:0000723125,MU,Semiconductors,2.1666253301446234,0.6371768476647258,252,cik:0001692819,VST,Electric Utilities,2.053440876615375,0.7463814825094897,252,2,0.3333333333333333,0.5952663265570044,-0.2584169375350627,0.5362487164811396,482
2025-06,2025-05-30,2025-03-31,2024-05-29,2025-05-30,cik:0000723125,MU,Semiconductors,2.1666253301446234,0.6371768476647258,252,cik:0001318605,TSLA,Automobile Manufacturers,2.3789095918062904,0.7227653386364211,252,3,0.3333333333333333,0.6461103553938349,0.48467653529222454,0.4272554826848599,482
2025-07,2025-06-30,2025-06-30,2024-06-27,2025-06-30,cik:0000723125,MU,Semiconductors,2.1217042186804917,0.6314578646832297,252,cik:0001321655,PLTR,Application Software,2.0446464658552745,0.7312147446852655,252,1,0.3333333333333333,0.5223969039921498,-0.17381404415848264,0.4926329296279903,483
2025-07,2025-06-30,2025-06-30,2024-06-27,2025-06-30,cik:0000723125,MU,Semiconductors,2.1217042186804917,0.6314578646832297,252,cik:0001692819,VST,Electric Utilities,2.0644245660935896,0.7361844978153095,252,2,0.3333333333333333,0.5313311235899754,-0.12920189986210245,0.5153829954193375,483
2025-07,2025-06-30,2025-06-30,2024-06-27,2025-06-30,cik:0000723125,MU,Semiconductors,2.1217042186804917,0.6314578646832297,252,cik:0000100517,UAL,Passenger Airlines,1.925265107756219,0.5732882257169267,252,3,0.3333333333333333,0.5492636459751458,-0.4430946277150064,-0.324588514399401,483
2025-08,2025-07-31,2025-06-30,2024-07-30,2025-07-31,cik:0000723125,MU,Semiconductors,2.096880090096464,0.6241996035693752,252,cik:0000100517,UAL,Passenger Airlines,1.9739136058265068,0.5873619475327807,252,1,0.3333333333333333,0.34288734367960255,-0.27617273710827417,-0.20322487479090234,480
2025-08,2025-07-31,2025-06-30,2024-07-30,2025-07-31,cik:0000723125,MU,Semiconductors,2.096880090096464,0.6241996035693752,252,cik:0001321655,PLTR,Application Software,2.0355787378659063,0.7269372062807138,252,2,0.3333333333333333,0.5273455621710346,-0.13767785860075843,0.509056135600578,480
2025-08,2025-07-31,2025-06-30,2024-07-30,2025-07-31,cik:0000723125,MU,Semiconductors,2.096880090096464,0.6241996035693752,252,cik:0001692819,VST,Electric Utilities,2.0147964837743584,0.724353581885323,252,3,0.3333333333333333,0.5302405708729212,-0.18435311348681405,0.4971609322416225,480
2025-09,2025-08-29,2025-06-30,2024-08-28,2025-08-29,cik:0000723125,MU,Semiconductors,2.0562407882455838,0.6084584978881327,252,cik:0000100517,UAL,Passenger Airlines,1.9959674847659086,0.582355987174759,252,1,0.3333333333333333,0.19622607424757002,-0.13553259222194386,-0.14189992480693267,479
2025-09,2025-08-29,2025-06-30,2024-08-28,2025-08-29,cik:0000723125,MU,Semiconductors,2.0562407882455838,0.6084584978881327,252,cik:0001692819,VST,Electric Utilities,1.9398309882166989,0.7045458338377919,252,2,0.3333333333333333,0.5419280238929451,-0.2617630202279052,0.47451670605119667,479
2025-09,2025-08-29,2025-06-30,2024-08-28,2025-08-29,cik:0000723125,MU,Semiconductors,2.0562407882455838,0.6084584978881327,252,cik:0001321655,PLTR,Application Software,2.0171096858276796,0.7215319315367242,252,3,0.3333333333333333,0.5585890564054141,-0.0879915226313975,0.5516151066467444,479
2025-10,2025-09-30,2025-09-30,2024-09-27,2025-09-30,cik:0000723125,MU,Semiconductors,2.0584370948376822,0.5940194980078389,252,cik:0000100517,UAL,Passenger Airlines,2.0283517122648713,0.5740785408084438,252,1,0.3333333333333333,0.1271945293762193,-0.06631001174358728,-0.10854229887837843,485
2025-10,2025-09-30,2025-09-30,2024-09-27,2025-09-30,cik:0000723125,MU,Semiconductors,2.0584370948376822,0.5940194980078389,252,cik:0001692819,VST,Electric Utilities,1.9345472136612418,0.6766964190948517,252,2,0.3333333333333333,0.49613243948395086,-0.2730608279897917,0.4142284173325456,485
2025-10,2025-09-30,2025-09-30,2024-09-27,2025-09-30,cik:0000723125,MU,Semiconductors,2.0584370948376822,0.5940194980078389,252,cik:0001321655,PLTR,Application Software,2.0131631051490197,0.7123537797172079,252,3,0.3333333333333333,0.586022943898595,-0.09978662497206754,0.5774647350724196,485
2025-11,2025-10-31,2025-09-30,2024-10-30,2025-10-31,cik:0000723125,MU,Semiconductors,2.0919900198189296,0.6095803958756482,252,cik:0000100517,UAL,Passenger Airlines,2.0102870010966405,0.5690313755705269,252,1,0.3333333333333333,0.28022283137876897,-0.1775393884373058,-0.21680544453320688,485
2025-11,2025-10-31,2025-09-30,2024-10-30,2025-10-31,cik:0000723125,MU,Semiconductors,2.0919900198189296,0.6095803958756482,252,cik:0001692819,VST,Electric Utilities,1.9469710810672936,0.6767243721910104,252,2,0.3333333333333333,0.4556528721058198,-0.3151238975062342,0.32911467466335037,485
2025-11,2025-10-31,2025-09-30,2024-10-30,2025-10-31,cik:0000723125,MU,Semiconductors,2.0919900198189296,0.6095803958756482,252,cik:0001321655,PLTR,Application Software,2.0004278485793474,0.7165831155551381,252,3,0.3333333333333333,0.5468478155001495,-0.19896317345533499,0.5093684216025448,485
2025-12,2025-11-28,2025-09-30,2024-11-26,2025-11-28,cik:0000723125,MU,Semiconductors,2.1609359952571516,0.6350757044264964,252,cik:0001318605,TSLA,Automobile Manufacturers,2.27587831159901,0.6522837488393444,252,1,0.3333333333333333,0.2632602495541543,0.24933765793716003,0.08447894015509058,484
2025-12,2025-11-28,2025-09-30,2024-11-26,2025-11-28,cik:0000723125,MU,Semiconductors,2.1609359952571516,0.6350757044264964,252,cik:0001321655,PLTR,Application Software,2.0356052267985305,0.6802621669686147,252,2,0.3333333333333333,0.34797235101348845,-0.2718727207653886,0.2171865114906528,484
2025-12,2025-11-28,2025-09-30,2024-11-26,2025-11-28,cik:0000723125,MU,Semiconductors,2.1609359952571516,0.6350757044264964,252,cik:0000100517,UAL,Passenger Airlines,1.9975984480753533,0.5696738182390466,252,3,0.3333333333333333,0.4934281788185766,-0.3543186074864119,-0.343408928307211,484
2026-01,2025-12-31,2025-12-31,2024-12-30,2025-12-31,cik:0000723125,MU,Semiconductors,2.2109038115425,0.6253310780203991,252,cik:0001318605,TSLA,Automobile Manufacturers,2.23540473631879,0.6341727414824672,252,1,0.3333333333333333,0.06859090934160124,0.0518852277637361,0.044862411707497274,481
2026-01,2025-12-31,2025-12-31,2024-12-30,2025-12-31,cik:0000723125,MU,Semiconductors,2.2109038115425,0.6253310780203991,252,cik:0001321655,PLTR,Application Software,2.0595030050026693,0.6703196466067746,252,2,0.3333333333333333,0.3899684386043775,-0.320619135916631,0.22198818164850362,481
2026-01,2025-12-31,2025-12-31,2024-12-30,2025-12-31,cik:0000723125,MU,Semiconductors,2.2109038115425,0.6253310780203991,252,cik:0001679788,COIN,Financial Exchanges & Data,2.1478538259171156,0.7208677747457979,252,3,0.3333333333333333,0.4735045127075903,-0.13351997504351826,0.4542894890032465,481
2026-02,2026-01-30,2025-12-31,2025-01-30,2026-01-30,cik:0000723125,MU,Semiconductors,2.205151427264796,0.6266801715740018,252,cik:0001318605,TSLA,Automobile Manufacturers,2.20265990035624,0.623445810702445,252,1,0.3333333333333333,0.01716706505976549,-0.005265640479223145,-0.016339557922715894,481
2026-02,2026-01-30,2025-12-31,2025-01-30,2026-01-30,cik:0000723125,MU,Semiconductors,2.205151427264796,0.6266801715740018,252,cik:0000100517,UAL,Passenger Airlines,2.130732114137887,0.5673438206993672,252,2,0.3333333333333333,0.35127856764864906,-0.15727919545695632,-0.31410171404450987,481
2026-02,2026-01-30,2025-12-31,2025-01-30,2026-01-30,cik:0000723125,MU,Semiconductors,2.205151427264796,0.6266801715740018,252,cik:0001321655,PLTR,Application Software,1.9952498467229187,0.6607273649824548,252,3,0.3333333333333333,0.4740239582894206,-0.4436100029097556,0.16705950541880882,481
2026-03,2026-02-27,2025-12-31,2025-02-27,2026-02-27,cik:0000723125,MU,Semiconductors,2.1640480622905427,0.6366646449663612,252,cik:0001318605,TSLA,Automobile Manufacturers,2.1667508228746186,0.6067082464809668,252,1,0.3333333333333333,0.15328099069187084,0.0055929454481267425,-0.15317891848650608,480
2026-03,2026-02-27,2025-12-31,2025-02-27,2026-02-27,cik:0000723125,MU,Semiconductors,2.1640480622905427,0.6366646449663612,252,cik:0000100517,UAL,Passenger Airlines,2.188024813864232,0.5864153570846303,252,2,0.3333333333333333,0.265972983059654,0.04961618293718762,-0.2613041563167232,480
2026-03,2026-02-27,2025-12-31,2025-02-27,2026-02-27,cik:0000723125,MU,Semiconductors,2.1640480622905427,0.6366646449663612,252,cik:0001321655,PLTR,Application Software,1.9690762738426897,0.6075375215230321,252,3,0.3333333333333333,0.4300416643518962,-0.4034639927551632,-0.1488376284029365,480
2026-04,2026-03-31,2026-03-31,2025-03-31,2026-03-31,cik:0000723125,MU,Semiconductors,2.174564582873979,0.6500707175746255,252,cik:0001674101,VRT,Electrical Components & Equipment,2.081433684326822,0.6290201135754262,252,1,0.3333333333333333,0.21499944111927857,-0.19065466694820932,-0.09937584038623026,484
2026-04,2026-03-31,2026-03-31,2025-03-31,2026-03-31,cik:0000723125,MU,Semiconductors,2.174564582873979,0.6500707175746255,252,cik:0001690820,CVNA,Automotive Retail,2.267194224581089,0.6929541561003218,252,2,0.3333333333333333,0.27046653648385005,0.18962850959994473,0.19285532324640003,484
2026-04,2026-03-31,2026-03-31,2025-03-31,2026-03-31,cik:0000723125,MU,Semiconductors,2.174564582873979,0.6500707175746255,252,cik:0000100517,UAL,Passenger Airlines,2.1584412133027837,0.5741942933573939,252,3,0.3333333333333333,0.37613650511783325,-0.03300725863954388,-0.37468545656238117,484
2026-05,2026-04-30,2026-03-31,2025-04-30,2026-04-30,cik:0000723125,MU,Semiconductors,2.462906343203329,0.5902373532699549,252,cik:0001674101,VRT,Electrical Components & Equipment,2.4217679762405435,0.5693732545008507,252,1,0.3333333333333333,0.12475744768215533,-0.06498637625528934,-0.10649503112057243,483
2026-05,2026-04-30,2026-03-31,2025-04-30,2026-04-30,cik:0000723125,MU,Semiconductors,2.462906343203329,0.5902373532699549,252,cik:0000936395,CIEN,Communications Equipment,2.4581126888722267,0.6315687844132567,252,2,0.3333333333333333,0.20042371772672055,-0.007572547162132845,0.20028061103581002,483
2026-05,2026-04-30,2026-03-31,2025-04-30,2026-04-30,cik:0000723125,MU,Semiconductors,2.462906343203329,0.5902373532699549,252,cik:0000106040,WDC,"Technology Hardware, Storage & Peripherals",2.280290625276618,0.6195078304879227,252,3,0.3333333333333333,0.32207598554646616,-0.28847848447777685,0.14322396607807142,483
2026-06,2026-05-29,2026-03-31,2025-05-29,2026-05-29,cik:0000723125,MU,Semiconductors,2.739973044017692,0.658964064488939,252,cik:0000936395,CIEN,Communications Equipment,2.666661347304455,0.6468070149953506,252,1,0.3333333333333333,0.12266435870887848,-0.11015175686627517,-0.05397346900777654,482
2026-06,2026-05-29,2026-03-31,2025-05-29,2026-05-29,cik:0000723125,MU,Semiconductors,2.739973044017692,0.658964064488939,252,cik:0000820318,COHR,Electronic Components,2.9107684949926202,0.6969936751623425,252,2,0.3333333333333333,0.3038140998831003,0.2566223376775173,0.16262835882067048,482
2026-06,2026-05-29,2026-03-31,2025-05-29,2026-05-29,cik:0000723125,MU,Semiconductors,2.739973044017692,0.658964064488939,252,cik:0000106040,WDC,"Technology Hardware, Storage & Peripherals",2.462739457424117,0.631735059306826,252,3,0.3333333333333333,0.43413387935416653,-0.4165469903809636,-0.1223144717834296,482
